Juice Yoga 孕妇瑜伽(长妇幼店),丽人,瑜伽,0.0,0.0,0.0,路易·凯旋宫34号2403室
帅族动漫城,休闲娱乐,游乐游艺,0.0,0.0,0.0,汇川路400弄2f
申合刺青,丽人,纹身,7.1,7.1,7.1,长宁路969号兆丰花园2907室
上海人人乐酒店公寓,酒店,公寓式酒店,7.2,7.6,7.5,汇川路99号新时空国际商务广场19楼
莫尔顿牛排坊(国金中心商场店),美食,西餐,8.4,9.0,8.5,世纪大道8号国金中心商场4层
办公室保结青洗公司,生活服务,家政,0.0,0.0,0.0,长宁路1158-1268号
水舞馔(恒生店),美食,台湾菜,7.6,7.4,7.5,陆家嘴环路1000号恒生银行大厦2楼204-1室
橄榄林音乐舞蹈中心(中山公园店),学习培训,音乐培训,7.6,7.6,7.2,长宁路988号花园大厦303室
马老师书法工作室,学习培训,美术培训,0.0,0.0,0.0,定西路
巴黎三城(龙之梦购物中心店),购物,眼镜店,7.5,7.6,7.4,长宁路1018号龙之梦购物中心3楼
aigle(国金中心商场店),购物,运动户外,7.4,7.3,6.8,世纪大道8号国金中心商场LG1层
宝绿缘茶行,休闲娱乐,茶馆,0.0,0.0,0.0,汇川路88弄凯欣豪园5号楼旁凯欣豪园威尔士健身旁
交通银行(交银大厦支行),生活服务,银行,0.0,0.0,0.0,银城中路188号交银金融大厦
铅笔俱乐部(龙之梦店),购物,办公/文化用品,6.9,6.9,6.8,长宁路1018号龙之梦购物中心内
名创优品(兆丰广场店),购物,家居建材,7.9,8.1,7.9,长宁路1027号兆丰广场1层
美品妆家,生活服务,网站,0.0,0.0,0.0,武夷路727弄
星巴克(东方明珠店),休闲娱乐,咖啡厅,7.9,7.9,7.5,浦东新区世纪大道1号广场1号铺位
翅品品 鱼翅捞饭(龙之梦购物中心...,美食,粤菜,8.3,7.7,8.1,长宁路1018号龙之梦购物中心8楼
思密达(中山公园人气店),丽人,美发,9.2,9.1,9.3,长宁路988号花园大厦904（长宁路汇川路口）
鲜花花语传情(紫藤花店),购物,花店,7.1,7.0,6.6,长宁路1236号
时代高尔夫初学入门课程,运动健身,高尔夫场,0.0,0.0,0.0,凯旋路317号
淳果园(汇川路店),购物,水果生鲜,7.0,7.0,7.0,汇川路88号
喵星球猫咪咖啡馆,休闲娱乐,咖啡厅,7.6,8.0,8.6,定西路1279弄名光大厦2305室
淘淘淘手机公园(龙之梦购物中心),周边游,景点,0.0,0.0,0.0,长宁路1018号龙之梦购物中心L7层7109B
鲜花花语传情(紫藤花店),生活服务,花店,7.1,7.0,6.6,长宁路1236号
TANPOPO STUDIO蒲公英美睫美甲沙...,丽人,美甲美睫,9.4,9.4,9.4,长宁路982号花园大厦东楼803室
东方明珠路边停车场,爱车,停车场,0.0,0.0,0.0,明珠塔路
Kidsland(长宁来福士),购物,亲子购物,0.0,0.0,0.0,长宁路1193号来福士东区6楼
九派琴院,学习培训,音乐培训,7.0,7.0,7.0,汇川路888弄兆丰嘉园6号302室
Shanghai New World Hotel商务中...,生活服务,商务楼,0.0,0.0,0.0,定西路1555号
新时空乐嘉酒店式公寓,酒店,公寓式酒店,6.7,6.8,6.8,汇川路99号新时空商务国际广场1223室
美芽·私人牙齿美白管家,医疗健康,齿科,8.0,8.0,8.0,汇川路99号新时空国际商务广场
中山公园,周边游,景点,6.5,6.4,5.4,长宁路780号
EMS服务站(兆丰站),生活服务,物流快递,0.0,0.0,0.0,长宁路1027号兆丰广场1层
高尔夫入门课程培训,运动健身,高尔夫场,0.0,0.0,0.0,陆家嘴滨江大道
离婚律师,生活服务,公司企业,0.0,0.0,0.0,陆家嘴
牛家村浓汤拉面,美食,面馆,7.9,6.9,7.1,长宁路1275号
浦东金桥高尔夫培训中心,运动健身,高尔夫场,0.0,0.0,0.0,世纪大道55号
高尔夫教学中心,运动健身,高尔夫场,0.0,0.0,0.0,陆家嘴丰和路
appleme培训中心,运动健身,舞蹈,0.0,0.0,0.0,世纪大道8号国际金融中心1208室
企业okr手机应用,学习培训,更多教育培训,0.0,0.0,0.0,长宁路832号
淳味王麻辣香锅(陆家嘴店),美食,川菜,7.2,7.0,6.6,世纪大道88号金茂观光厅b1
Dr.Kong江博士健康鞋(上海正大广...,购物,更多购物场所,7.9,7.9,7.9,陆家嘴西路168号正大广场六楼6F68号铺
VANS(中山龙之梦店),购物,运动户外,7.4,7.2,6.9,长宁路1018号龙之梦购物中心4F红区4093号
出云教育(中山公园日语培训),学习培训,外语培训,0.0,0.0,0.0,长宁路982号4C
广发银行(世纪大道支行),生活服务,银行,0.0,0.0,0.0,世纪大道8号上海国金中心办公楼二期43层整层
汇川路10弄小区,生活服务,小区,0.0,0.0,0.0,汇川路10弄
亚欣旅行社,生活服务,旅行社,0.0,0.0,0.0,世纪大道1号东方明珠旋转餐厅自助餐
翡翠36餐厅,美食,西餐,7.7,9.1,8.4,富城路33号香格里拉大酒店紫金楼36楼
美甲美睫彩妆,丽人,美甲美睫,0.0,0.0,0.0,陆家嘴西路168号正大广场2层
陆家嘴地铁站洗手间,生活服务,厕所,0.0,0.0,0.0,世纪大道55号
大学美术学院画廊,休闲娱乐,文化艺术,0.0,0.0,0.0,凯旋路30号
玉·皮肤管理脱毛半永久纹眉会所,丽人,纹绣,7.9,7.7,7.9,长宁路999号兆丰广场
陵山人家度假村17号院,酒店,经济型,0.0,0.0,0.0,马陵山镇
瑾萱花屋(中山公园店),购物,更多购物场所,7.9,7.9,7.9,长宁路1018号
蒙恩汽车服务,爱车,维修保养,0.0,0.0,0.0,凯旋路526号
LAWSON罗森(汇亚大厦店),购物,超市/便利店,7.2,7.0,7.0,陆家嘴环路1233号汇亚大厦M层
艾扉尔玩具礼品(陆家嘴店),购物,亲子购物,0.0,0.0,0.0,世纪大道1号东方明珠塔1楼
老街肉骨茶,美食,东南亚菜,0.0,0.0,0.0,长宁路1123号长宁来福士广场B1-18
vivo,购物,数码产品,0.0,0.0,0.0,长宁路1033号联通大厦1层
Kidsland(国金中心商场店),购物,亲子购物,0.0,0.0,0.0,世纪大道8号国金中心商场3层
公司二手废旧电脑台式笔记本收售,生活服务,回收,0.0,0.0,0.0,长宁路1018号
Aranya Painting （油画 素描） ...,休闲娱乐,DIY手工坊,0.0,0.0,0.0,长宁路969号兆丰花园2107室
泉禾教育,学习培训,升学辅导,0.0,0.0,0.0,长宁- 地铁中山公园- 中山公园定西路1279号名光大厦6楼E座
松下电器厨卫家电体验馆,购物,家居建材,6.6,6.8,6.9,陆家嘴环路1000号恒生银行大厦6楼
樱花美睫(长宁来福士店),丽人,美甲美睫,9.0,9.0,9.0,长宁路1191号来福士广场03层09号
鮨士道(长宁来福士店),美食,日本菜,7.1,7.1,7.1,上海长宁路1123号长宁来福士广场B1层K05号
周桥企业服务中心,爱车,汽车美容,0.0,0.0,0.0,凯旋路399号龙之梦雅仕大厦301室
福奈特干洗(正大广场店),生活服务,衣物/皮具洗护,0.0,0.0,0.0,陆家嘴西路168号正大广场B2楼
喜多屋国际海鲜料理(正大店),美食,海鲜,6.7,7.1,6.3,陆家嘴西路168号正大广场7楼04-06号铺
东瀛国际造型(中山公园小马路商...,丽人,美发,9.4,9.3,9.3,长宁路820号小马路商场B1层
川逸·川西坝子(中山公园店),美食,火锅,7.6,7.8,8.0,定西路1313号202号
小马路停车场,爱车,停车场,0.0,0.0,0.0,长宁路888号
网鱼网咖(宣化店),休闲娱乐,网吧网咖,0.0,0.0,0.0,宣化路300号华宁弘基生活中心3楼
城宁花苑,生活服务,小区,0.0,0.0,0.0,长宁路1318弄
Pedro(龙之梦购物中心店),购物,服饰鞋包,8.0,8.0,8.0,长宁路1018号龙之梦购物中心1楼
拉蒂娜Latina巴西烧烤音乐餐厅(...,美食,烧烤,7.8,8.7,8.3,陆家嘴环路165号2楼
happy fish market,美食,火锅,7.1,7.2,7.0,长宁路1018号龙之梦购物中心6L
上海印象NO.5,生活服务,快照/冲印,0.0,0.0,0.0,东方明珠1楼
温馨青年公寓(中山公园地铁站店),酒店,青年旅舍,6.8,6.8,6.8,长宁路1120弄范东铁路小区内
海报写真展会制作中心,生活服务,快照/冲印,0.0,0.0,0.0,陆家嘴环路
张生记(正大广场店),美食,本帮江浙菜,7.6,8.0,7.0,陆家嘴西路168号正大广场6楼
CHI spa,丽人,美容/SPA,7.6,7.9,7.6,富城路33号香格里拉大酒店紫金楼6楼
时代高尔夫仙霞练习场体验,休闲娱乐,更多休闲娱乐,0.0,0.0,0.0,长宁路969号
海关大楼停车场,爱车,停车场,0.0,0.0,0.0,陆家嘴西路153号
东方明珠两球+历史陈列馆+浦江游...,生活服务,售票点,0.0,0.0,0.0,世纪大道1号
艾维庭美容纤体SPA(正大广场店),丽人,瘦身纤体,8.6,9.0,8.7,陆家嘴西路168号（近东方明珠）正大广场7楼
好乐迪(正大店),休闲娱乐,KTV,8.1,8.0,7.6,陆家嘴西路168号正大广场8楼05号铺
千鸟足,美食,烧烤,8.5,7.3,7.9,长宁路890号玫瑰坊1楼36-38商铺
森茂诊疗所,医疗健康,医院,7.6,7.7,7.7,陆家嘴环路1000号恒生银行大厦3楼
和牛铁板烧(正大店),美食,烧烤,7.0,7.0,7.0,陆家嘴西路168号正大广场B2美食广场内
太极庸会馆,运动健身,健身中心,0.0,0.0,0.0,银城中路68号时代金融中心4楼
竹若金枪鱼(陆家嘴店),美食,日本菜,8.1,7.9,7.9,陆家嘴环路1233号汇亚大厦1层M03单元地铁2号线陆家嘴站2号口出来
紫颖美胸性感中心(正大店),丽人,美容/SPA,9.1,9.1,9.2,陆家嘴西路168号正大广场7楼
太阳灸养生馆(中山公园店),休闲娱乐,中医养生,0.0,0.0,0.0,长宁路988号花园大厦704室
长宁德必易园,生活服务,商务楼,0.0,0.0,0.0,安化路492号德必易园创意园内
汇佳娱乐(汇佳桌游中山公园店),休闲娱乐,桌面游戏,0.0,0.0,0.0,长宁路988号花园大厦6楼
ANNE HOSTEL,酒店,经济型,0.0,0.0,0.0,浦东陆家咀世纪大道
Tiffany He 美甲美睫韩式半永久,丽人,纹绣,9.1,9.1,9.1,长宁路1120弄63号103室
全毅会(华阳道场),学习培训,更多教育培训,7.0,7.0,7.0,安化路500号华阳文化中心二楼
断点艺术油画画室(中山公园店),学习培训,美术培训,9.2,9.1,9.1,长宁路988号花园大厦C座11楼
兴隆洗浴,休闲娱乐,足疗按摩,0.0,0.0,0.0,银城中路314号
高记,美食,本帮江浙菜,0.0,0.0,0.0,长宁路1191号长宁来福士广场5楼
UNIQLO(正大广场店),购物,服饰鞋包,7.1,7.2,7.1,陆家嘴西路168号（近东方明珠）正大广场B1楼
Times golf 体验课活动(教练指导...,休闲娱乐,更多休闲娱乐,0.0,0.0,0.0,陆家嘴名商路
I Do(龙之梦购物中心店),购物,珠宝饰品,0.0,0.0,0.0,长宁路1018号龙之梦购物中心1楼
上海蓝安酒店式公寓(中山公园地...,酒店,公寓式酒店,6.9,7.7,7.1,汇川路99号新时空国际商务广场2323室
易里酒店式公寓(长宁路)-洗手间,生活服务,厕所,0.0,0.0,0.0,长宁路889号
乐忻皇朝(上海中心店),美食,本帮江浙菜,8.6,8.9,8.7,银城中路501号上海中心商场b2-3室
佩比小屋宠物鲜粮(宠物管家),宠物,宠物店,8.9,8.9,8.9,安化路492号A座126室
StarGame桌游狼人KTV俱乐部(中山...,休闲娱乐,桌面游戏,0.0,0.0,0.0,定西路1281号601室
Refa,购物,超市/便利店,0.0,0.0,0.0,长宁路823号绿茶餐饮巴黎春天店1层
Hungry Lung’s Kitchen饿龙(长...,美食,西餐,7.7,7.8,7.6,长宁路1123号来福士商场东区一层47号商铺
银座梅林GINZA BAIRIN(国金中心...,美食,日本菜,7.4,7.5,7.3,世纪大道8号国金中心商场4层
晓芹大连海参(上海第9分店),购物,食品茶酒,7.6,7.7,7.6,长宁路
苏格繆斯(中山店),休闲娱乐,酒吧,0.0,0.0,0.0,长宁路1018号龙之梦南座B1层
hotwind(龙之梦购物中心店),购物,服饰鞋包,8.6,8.7,8.5,长宁路1018号龙之梦购物中心5楼
English-Time,学习培训,教育院校,6.6,6.6,6.6,陆家嘴西路168号正大广场B1楼
烟台红富士苹果自发,购物,水果生鲜,7.3,7.3,7.3,世纪大道15号
橘色火锅,美食,日本菜,8.3,9.1,8.9,陆家嘴西路正大广场6楼12B室
湘味百年,美食,湘菜,6.9,6.9,6.9,长宁路1018号龙之梦购物中心6L
innisfree(正大广场店),丽人,化妆品,7.9,8.4,7.3,陆家嘴西路168号（近东方明珠）正大广场1楼
招商银行24小时自助银行,生活服务,银行,0.0,0.0,0.0,长宁路1302号
三联商厦,购物,综合商场,0.0,0.0,0.0,定西路1313号
上海市教育行政学院(西门),学习培训,教育院校,6.7,6.7,6.7,凯旋路30号
THOMAS SABO(国金中心商场店),购物,珠宝饰品,7.7,7.6,6.7,世纪大道8号国金中心商场LG1层
时代高尔夫培训(仲益黄兴练习场),运动健身,高尔夫场,0.0,0.0,0.0,东园路
北滨江,周边游,景点,7.7,7.7,7.7,陆家嘴环路
三泾北宅商办综合楼,生活服务,商务楼,0.0,0.0,0.0,凯旋路369临
优越生活宅配火锅(陆家嘴配送站),美食,火锅,7.0,7.0,7.0,陆家嘴西路168号正大广场B2楼卜蜂莲花购物超市内
龙之梦购物中心(长宁店),购物,综合商场,7.5,7.4,7.1,长宁路1018号
国大药房(长成店),医疗健康,药店,7.4,7.0,7.2,长宁路1302弄73支弄2号甲
中国电信宽带部,生活服务,通信营业厅,0.0,0.0,0.0,汇川路964
Piaget(国金中心商场店),购物,珠宝饰品,7.3,7.3,7.3,世纪大道8号国金中心商场L1-18-1号
adidas(龙之梦购物中心店),购物,运动户外,7.0,7.0,6.8,长宁路1018号龙之梦购物中心5楼
韩酷韩国料理,美食,韩国料理,6.6,5.0,6.1,长宁路999号兆丰广场7楼
innisfree(正大广场店),购物,化妆品,7.9,8.4,7.3,陆家嘴西路168号（近东方明珠）正大广场1楼
URBAN REVIVO(长宁龙之梦店),购物,服饰鞋包,7.5,7.5,6.9,长宁路1018号龙之梦购物中心3楼红中庭
浦东丽思卡尔顿aura大堂吧,休闲娱乐,酒吧,0.0,0.0,0.0,上海浦东陆家嘴世纪大道8号上海国金中心52楼
Aza Aza！芝心年糕料理(正大广场...,美食,韩国料理,8.0,8.4,8.3,陆家嘴西路168号正大广场8楼
九拾秒无人便利店(陆家嘴站),购物,超市/便利店,0.0,0.0,0.0,陆家嘴地铁站
六年二班,美食,川菜,0.0,0.0,0.0,长宁路1008号
SUNNY,酒店,更多酒店住宿,0.0,0.0,0.0,陆家嘴环路1233号汇亚大厦17楼美国银行
高景物流有限公司,生活服务,物流快递,0.0,0.0,0.0,丰和路1号港务大厦东楼3层3010
诗泥SPA(龙之梦购物中心店),丽人,瘦身纤体,9.2,9.2,9.2,长宁路1018号龙之梦购物中心5楼5041
巧牛馆全牛潮汕牛肉火锅(定西路...,美食,火锅,8.2,8.1,8.1,定西路1313号
中阳小区,生活服务,小区,0.0,0.0,0.0,武夷路491弄
柠檬椒砂锅鱼(中山公园龙之梦店),美食,川菜,8.0,8.5,8.0,长宁路1018号龙之梦购物中心7楼
C&A(龙之梦购物中心店),购物,服饰鞋包,6.9,6.9,6.8,长宁路1018号龙之梦购物中心1楼
花旗银行ATM,生活服务,银行,0.0,0.0,0.0,陆家嘴环路168号
BOLON(龙之梦购物中心店),购物,眼镜店,7.3,7.3,7.3,长宁路1018号龙之梦购物中心1楼
君悦柳娘水疗会所,休闲娱乐,足疗按摩,0.0,0.0,0.0,长宁路1033号联通大厦
龙轩烟酒(龙之梦购物中心店),购物,食品茶酒,0.0,0.0,0.0,长宁路1018号龙之梦购物中心B2楼
Awfully Chocolate(国金中心商场...,美食,面包甜点,8.7,8.6,8.7,世纪大道8号国金中心商场LG2层
讚岐制面,美食,面馆,0.0,0.0,0.0,上海长宁区长宁路1027号兆丰广场B1层
乐忻皇朝(长宁来福士店),美食,本帮江浙菜,8.1,8.3,8.8,长宁路1123号长宁来福士广场东区04层39号
韩国传统拌饭,美食,韩国料理,6.6,6.6,6.7,陆家嘴西路168号
鼎星海南鸡饭,美食,东南亚菜,0.0,0.0,0.0,长宁路1191号长宁来福士广场6楼
ppp激光护肤机构,丽人,美发,7.1,7.1,7.1,陆家嘴环路166号未来资产大厦裙楼2楼
德盛白领人才推荐,生活服务,公司企业,0.0,0.0,0.0,长宁路855号亨通国际大厦10楼A座
MY LAB分子甜品实验室,美食,面包甜点,8.3,8.8,8.4,愚园路1411号
小罐茶(正大广场专柜),休闲娱乐,茶馆,0.0,0.0,0.0,陆家嘴西路168号正大广场B2层
TWG(国金中心商场店),美食,面包甜点,7.9,8.2,8.0,世纪大道8号国金中心商场2层
蟹先生和渔小姐海鲜自助(龙之梦...,美食,海鲜,8.2,8.3,8.3,长宁路1018号龙之梦购物中心3楼
NBA,购物,亲子购物,0.0,0.0,0.0,中山公园龙之梦
Spiceee·思百食东南亚料理(陆家...,美食,东南亚菜,7.2,7.3,7.2,陆家嘴环路1000号恒生银行大厦2层
全家(长宁路七店),购物,超市/便利店,0.0,0.0,0.0,长宁路999号地下夹层01-B1-08
苹果笔记本电脑售后中心(浦东店),生活服务,电脑维修,0.0,0.0,0.0,浦东陆家嘴地铁站
天雨女子瑜伽馆,丽人,瑜伽,0.0,0.0,0.0,凯旋路166号5楼
丽丝卡尔顿泳池健身房,运动健身,游泳馆,0.0,0.0,0.0,世纪大道8号国金中心丽思卡尔顿酒店53楼
浦东香格里拉怡咖啡,美食,海鲜,7.9,8.6,8.2,富城路33号浦东香格里拉大酒店紫金楼2楼
金蓝航教育,学习培训,升学辅导,0.0,0.0,0.0,浦东陆家嘴滨江大道主校区
唯E密码(长宁来福士店),购物,水果生鲜,0.0,0.0,0.0,长宁路1139号，长宁来福士广场B1K04
美车堂(中山公园店),爱车,维修保养,0.0,0.0,0.0,长宁路1018号龙之梦购物中心B3楼停车场
新时空国际商务广场办公楼,购物,综合商场,7.2,7.1,7.1,汇川路99号、长宁路1031-1035号等
ups邮寄(长宁店),生活服务,物流快递,0.0,0.0,0.0,汇川路99号
金牌外婆家(上海国金中心店),美食,本帮江浙菜,7.5,7.8,7.7,世纪大道8号上海国金中心内LG2层54号
屈臣氏(正大广场店),购物,化妆品,6.8,6.4,6.2,陆家嘴西路168号（近东方明珠）正大广场B1楼
可慧西进口牛羊猪肉海鲜,美食,海鲜,6.6,6.6,6.6,陆家嘴地铁站旁
左庭右院鲜牛肉火锅(龙之梦购物...,美食,火锅,9.0,9.0,9.0,长宁路1018号龙之梦购物中心6楼
crocs(龙之梦购物中心店),购物,服饰鞋包,6.9,6.6,6.6,长宁路1018号龙之梦购物中心4楼
观景蓬,周边游,景点,7.8,7.8,7.8,陆家嘴中心绿地内
上海浦东丽思卡尔顿酒店,酒店,商务酒店,9.3,9.2,9.1,陆家嘴世纪大道8号国金中心
武藏野,美食,日本菜,6.9,7.7,7.3,陆家嘴西路168号正大广场8楼03A
新记港式蒸点(正大广场店),美食,粤菜,6.5,6.5,6.5,陆家嘴西路168号正大广场B2楼食代馆内
好乐迪(正大店),K歌,KTV,8.1,8.0,7.6,陆家嘴西路168号正大广场8楼05号铺
cleanskin可丽颜皮肤管理中心,丽人,纹绣,9.3,9.3,9.4,汇川路99号新时空国际商务广场24楼2402室
汇丰银行(国金中心商场店),生活服务,银行,0.0,0.0,0.0,世纪大道8号国金中心商场LG1层
Air Plus Hair Salon(正大广场店...,丽人,美发,8.4,8.4,8.4,陆家嘴西路168号正大广场B01层西区B1F18C
金牛苑(国金中心店),美食,东南亚菜,7.9,7.9,7.6,世纪大道8号上海国金中心L3-19号
TPlus茶家(中山龙之梦店),美食,面包甜点,8.2,7.9,8.1,长宁路1018号中山公园龙之梦2楼
TANG WU(玫瑰坊),休闲娱乐,更多休闲娱乐,0.0,0.0,0.0,长宁路890号B1层B1-32
朝日日语(中山公园中心),学习培训,升学辅导,9.1,9.1,9.0,长宁路855号亨通国际大厦18楼
火车头(陆家嘴店),美食,东南亚菜,6.3,6.2,6.2,陆家嘴环路1318号星展银行大厦B1楼02号
Vital Tea 源素茶(长宁龙之梦店),休闲娱乐,咖啡厅,8.0,8.4,8.3,长宁路1018号龙之梦购物中心1F-1055
天天快递,生活服务,物流快递,0.0,0.0,0.0,武夷路709弄33-1号
中国平安金融大厦项目部,生活服务,公司企业,0.0,0.0,0.0,丰和路1号港务大厦西楼3层3333-3336号
Celine(国金中心店),购物,服饰鞋包,8.3,8.2,7.6,世纪大道8号国金中心商场1楼19号店铺
Bvlgari(国金中心商场店),购物,珠宝饰品,9.0,8.9,7.4,世纪大道8号国金中心商场1层
高尔夫球技提升课培训,运动健身,高尔夫场,0.0,0.0,0.0,世纪大道银城中路
金悦酒店,酒店,经济型,0.0,0.0,0.0,陆家嘴
松下电器厨卫家电体验馆,购物,数码产品,6.6,6.8,6.9,陆家嘴环路1000号恒生银行大厦6楼
喜到家酒店公寓(上海中山公园地...,酒店,三星级/舒适型,7.0,7.4,7.1,汇川路99号新时空大厦10楼1022室
哈根达斯(龙之梦店),休闲娱乐,咖啡厅,7.2,7.0,7.0,长宁路1018号龙之梦购物中心1071商铺
Cafe&Meal MUJI(中山公园龙之梦...,美食,西餐,7.2,7.8,7.5,长宁路1018号龙之梦购物中心B2
快印先生,购物,办公/文化用品,6.4,7.7,7.7,银城中路68号时代金融中心BM层
CHANEL(国金中心商场店),购物,服饰鞋包,9.1,9.0,8.4,世纪大道8号国金中心商场1层
怡优美花坊,生活服务,花店,7.5,7.5,7.5,长宁路1018号
china beauty,丽人,纹身,0.0,0.0,0.0,长宁路1018号龙之梦购物中心1层
通济隆外币兑换（中国）有限公司...,生活服务,公司企业,0.0,0.0,0.0,陆家嘴丰和路
店小二,美食,东南亚菜,0.0,0.0,0.0,长宁路1139号来福士广场B1
BANG&OLUFSEN(国金中心商场店),购物,数码产品,0.0,0.0,0.0,世纪大道8号国金中心商场2层
昂立中学生培训(中山公园店),学习培训,升学辅导,7.8,8.0,8.0,长宁路1200号贝多芬广场B座609-612单元
1点点(龙之梦购物中心店),美食,面包甜点,7.5,7.0,7.3,长宁路1018号龙之梦购物中心B1楼
中山公园高尔夫练习场学习课程,休闲娱乐,更多休闲娱乐,0.0,0.0,0.0,宁康路199号
中国福利彩票(兆丰广场店),生活服务,更多生活服务,0.0,0.0,0.0,长宁路1027号兆丰广场1层
曦辰书院(书法篆刻课堂),休闲娱乐,DIY手工坊,8.5,7.7,8.5,长宁路969号兆丰花园3205
Magic互动体验馆(上海书城长宁店...,休闲娱乐,DIY手工坊,0.0,0.0,0.0,长宁路1057号上海书城三楼
沃纳全球物流(巴巴多斯)有限公司,生活服务,物流快递,0.0,0.0,0.0,丰和路1号港务大厦南楼5/23层
天马座花艺(陆家嘴店),生活服务,花店,7.8,7.8,7.6,世纪大道8号
apie蛋白饼水果蛋糕,美食,面包甜点,7.4,7.4,7.4,长宁路兆丰广场
一風面(大食代-正大店),美食,面馆,0.0,0.0,0.0,陆家嘴西路168号B2-25号单元
奢家二手奢侈品回收寄卖(正大广...,生活服务,衣物/皮具洗护,0.0,0.0,0.0,陆家嘴西路168号正大广场西区B1楼FL25C
炭仓(玫瑰坊店),美食,烧烤,8.0,8.6,8.1,长宁路890号玫瑰坊B1楼
热气球(正大广场店),休闲娱乐,游乐游艺,0.0,0.0,0.0,陆家嘴西路168号（近东方明珠）正大广场6楼
la prairie(国金中心商场店),丽人,化妆品,7.5,7.5,7.4,世纪大道8号国金中心商场2层
7-11便利店(凯旋店),购物,超市/便利店,7.4,7.3,7.3,轨道交通三号线中山公园站商场南侧3-108号
太平洋房屋(长宁店),生活服务,房屋地产,0.0,0.0,0.0,长宁路与中山西路交叉口东南角
南瓜车造型(龙之梦店),丽人,美发,9.1,9.1,9.1,长宁路1000号龙之梦大厦对面
可贞身材管理中心(中山公园店),运动健身,健身中心,0.0,0.0,0.0,定西路1555号上海巴黎春天新世界酒店15楼
江华舞蹈艺术会所(中山公园店),运动健身,舞蹈,0.0,0.0,0.0,长宁路1158号贝多芬广场5楼518室
上海现代服务业发展研究院,生活服务,政府机构,0.0,0.0,0.0,东园路36号
上海大自然野生昆虫馆,周边游,动植物园,6.4,6.1,5.8,陆家嘴丰和路1号
大士村南洋美食(陆家嘴店),美食,东南亚菜,7.5,7.2,6.9,陆家嘴环路1233号102单元
TONI&GUY(正大广场店),丽人,美发,6.9,7.0,7.0,陆家嘴西路168号正大广场B2楼
零缺点打耳洞无痛穿耳(美国舒舒...,丽人,美容/SPA,9.3,9.2,9.3,长宁路820号小马路商场B1层C55档
陆家嘴中心绿地东门停车场,爱车,停车场,0.0,0.0,0.0,陆家嘴环路960号
王妃家(长宁龙之梦店),美食,韩国料理,8.8,8.8,9.1,长宁路1018号龙之梦购物中心6F蓝中庭6079-6081A
全家便利店(陆家嘴环路二店),购物,超市/便利店,7.2,7.1,7.1,陆家嘴环路1318号星展银行大厦B1楼
陆家嘴律师事务所法律咨询,生活服务,更多生活服务,0.0,0.0,0.0,陆家嘴环路1288号凯宾斯基大酒店6楼
华美达广场楼层停车库,爱车,停车场,0.0,0.0,0.0,路823号
宇治茶铺,美食,面包甜点,7.1,7.2,7.3,长宁路1018号龙之梦b1
杨高中路丁香,运动健身,游泳馆,0.0,0.0,0.0,陆家嘴环路53号
桌球,休闲娱乐,桌球馆,0.0,0.0,0.0,汇川路15号
中国肚皮舞协会上海教练总部(长...,丽人,舞蹈,0.0,0.0,0.0,凯旋路166号一楼龙之梦购物中心汇川路大门
国泰君安食堂,美食,本帮江浙菜,7.7,7.7,7.6,银城中路168号上海银行大厦B1楼
快印先生(金茂店),生活服务,快照/冲印,0.0,0.0,0.0,世纪大道88号金茂大厦B3楼
鼎泰丰(正大广场店),美食,台湾菜,7.3,7.6,7.5,陆家嘴西路168号正大广场3楼24号铺
MANGOSIX(龙之梦购物中心店),美食,咖啡厅,7.7,7.8,7.9,长宁路1018号龙之梦购物中心1楼1075店铺
华美达广场-北门,生活服务,商务楼,0.0,0.0,0.0,长宁路833
too cool for school(龙之梦购物...,购物,化妆品,7.1,7.3,6.9,长宁路1018号龙之梦购物中心1楼
哥老官重庆美蛙鱼头(长宁龙之梦...,美食,火锅,8.9,8.3,8.8,长宁路1018号中山公园龙之梦6F-045室
吉瘦埋线针灸调理减肥瘦身中心,丽人,瘦身纤体,9.0,9.0,9.1,长宁路988号花园大厦8楼C座
MORTON SKY BAR,休闲娱乐,酒吧,0.0,0.0,0.0,陆家嘴环路143号国金4F天台
哈根达斯(正大店),美食,咖啡厅,7.6,7.5,7.4,陆家嘴西路168号正大广场一层GF31室
一茶一坐▪台菜海鲜精作坊(龙之梦...,美食,海鲜,6.9,7.1,6.9,长宁路1018号龙之梦购物中心7楼
东方明珠Coca-Cola欢乐餐厅,美食,自助餐,7.5,9.0,8.1,世纪大道1号东方明珠塔8号门
鸡锦日式炭烧料理店(玫瑰坊店),美食,烧烤,8.0,7.5,7.9,长宁路890号玫瑰坊2楼
OVS Kids(龙之梦购物中心店),购物,亲子购物,0.0,0.0,0.0,长宁路1018号龙之梦购物中心6楼
陆家嘴论坛秘书处,生活服务,政府机构,0.0,0.0,0.0,滨江大道2525弄15;东园路36B
春叶日式精品火锅·拉面,美食,火锅,7.7,7.7,7.7,长宁路999号b1楼b308-1临
华尔街英语(中山公园中心),学习培训,外语培训,7.6,7.6,7.6,汇川路68号
巴黎春天停车库,爱车,停车场,0.0,0.0,0.0,长宁路823号
Workingdom CUBE(陆家嘴金茂大厦...,生活服务,商务楼,0.0,0.0,0.0,世纪大道88号金茂时尚生活馆6楼
大倩派对气球装饰,生活服务,更多生活服务,0.0,0.0,0.0,陆家嘴
正斗粥面专家(国金中心店),美食,小吃快餐,7.7,7.5,7.3,世纪大道8号上海国金中心D座L3楼L3-9室
南梦宫电子游戏世界(世纪大道店),休闲娱乐,游乐游艺,0.0,0.0,0.0,世纪大道1号东方明珠
M家旗舰店,酒店,经济型,0.0,0.0,0.0,陆家浜路918号
新时空阿卑斯酒店式公寓,酒店,公寓式酒店,6.8,7.2,6.7,汇川路99号新时空国际商务广场521室
汉堡王(上海中山公园龙之梦店),美食,小吃快餐,7.5,7.3,7.1,长宁路1018号B1层014B号商铺
The Ritz-Carlton Spa by ESPA,丽人,美容/SPA,8.5,9.0,8.8,世纪大道8号丽思卡尔顿大酒店55楼
Nespresso(国金中心商场店),购物,食品茶酒,8.5,8.3,8.0,世纪大道8号国金中心商场LG2层
新时空众理酒店式公寓(中山公园...,酒店,公寓式酒店,7.9,7.2,7.3,汇川路99号8楼809室
食天下-老记面馆,美食,面馆,7.0,6.9,6.9,陆家嘴环路166号未来资产大厦B2层
上海美怡酒店,酒店,经济型,7.1,6.2,6.2,汇川路99号新时空国际商务广场16楼1612室
NOW&THEN COFFEE时尔咖啡(中山龙...,美食,咖啡厅,7.7,7.6,8.2,长宁路1018号龙之梦2楼
韩国快餐(兆丰广场店),美食,韩国料理,6.6,6.5,6.6,长宁路1027号兆丰广场B1层
苏浙总会(国金中心店),美食,本帮江浙菜,8.4,9.0,8.6,世纪大道8号国金中心4楼L4-13
路透社上海记者站,学习培训,更多教育培训,0.0,0.0,0.0,陆家嘴环路1233号汇亚大厦30层3004
上海新时空嘉廷酒店(原新时空瑞...,酒店,四星级/高档型,7.3,7.6,7.0,汇川路99号新时空国际广场2楼
洵桌游吧(中山公园龙之梦店),休闲娱乐,桌面游戏,0.0,0.0,0.0,长宁路988号花园大厦12楼C座
鱼非鱼(正大广场店),美食,川菜,8.2,8.4,8.1,陆家嘴西路168号正大广场8层21号商铺
千鸟足,美食,日本菜,8.5,7.3,7.9,长宁路890号玫瑰坊1楼36-38商铺
上海浦东丽思卡尔顿酒店停车场,爱车,停车场,0.0,0.0,0.0,陆家嘴环路133号上海浦东丽思卡尔顿酒店
丽婴房,购物,亲子购物,0.0,0.0,0.0,陆家嘴西路168号
湛翱高端健康清洗养护,生活服务,家政,0.0,0.0,0.0,陆家嘴环路1388号1707室
渣打银行(中山公园支行),生活服务,银行,0.0,0.0,0.0,长宁路1018号龙之梦购物中心1楼1077-1081号商铺
泽涛专业地板翻新打磨修复打蜡公...,生活服务,公司企业,0.0,0.0,0.0,定西路1548弄
新牛排,美食,韩国料理,0.0,0.0,0.0,长宁路1127号
窗帘,购物,家居建材,6.6,6.8,6.9,愚园路
壹晴持久定妆美甲美睫沙龙,丽人,美甲美睫,9.5,9.4,9.5,汇川路99号新时空国际商务广场1914室
翠华餐厅(国金中心商场店),美食,粤菜,7.5,7.4,6.9,世纪大道8号国金中心商场LG2层
高尔夫零基础教学,休闲娱乐,更多休闲娱乐,0.0,0.0,0.0,陆家嘴环路
汤姆熊(龙之梦购物中心店),休闲娱乐,游乐游艺,0.0,0.0,0.0,长宁路1018号龙之梦购物中心6楼
安飞士汽车租赁(长宁路店),爱车,汽车租赁,0.0,0.0,0.0,凯旋路448号
Rinkiss,休闲娱乐,酒吧,0.0,0.0,0.0,安化路472号
乐厘车(上门洗车第一大•浦东),爱车,洗车,0.0,0.0,0.0,陆家嘴
PEACH JOHN(正大广场店),购物,服饰鞋包,7.9,7.5,6.7,陆家嘴西路168号（近东方明珠）正大广场5楼
上上谦串串香火锅(中山公园龙之...,美食,火锅,8.3,7.8,7.7,长宁路1018号龙之梦购物中心5楼
同道大叔星座咖啡厅 Uncle's Fri...,美食,咖啡厅,7.0,8.1,7.5,陆家嘴环路168号正大广场1楼
绿地集团d.i.g.,生活服务,商务楼,0.0,0.0,0.0,长宁路1198号附近
雕爷牛腩(正大广场店),美食,其他,8.1,8.9,9.0,陆家嘴西路168号正大广场5楼
瑾萱花屋(陆家嘴店),生活服务,花店,9.0,9.0,9.1,陆家嘴世纪大道8号上海国金F1
续签三分熟,美食,烧烤,8.3,7.8,8.2,凯旋路166号2号楼102
ele语学文化中心,学习培训,更多教育培训,0.0,0.0,0.0,长宁路988号花园大厦9层902
阿香米线,美食,小吃快餐,6.4,6.4,6.4,长宁路1189号长宁来福士东区6层-21D
流行家(龙之梦购物中心店),运动健身,舞蹈,0.0,0.0,0.0,长宁路1018号龙之梦购物中心B1楼
乐器培训非洲鼓培训,学习培训,更多教育培训,0.0,0.0,0.0,定西路1555号
c家,购物,品牌折扣店,0.0,0.0,0.0,长宁路890-1号
上海迪士尼旗舰店,购物,综合商场,9.0,9.1,9.1,丰和路180号
NIKE(正大广场篮球体验店),购物,运动户外,7.0,7.3,6.9,陆家嘴西路168号5楼7-08A
上海苗颜坊专业祛痘连锁机构(中...,丽人,祛痘,9.2,9.1,9.3,汇川路99号新时空国际商务广场22楼2201室
金数码(正大广场),购物,数码产品,7.2,7.2,7.2,陆家嘴西路168号L4层04室
GaGa Dance舞蹈会所(长宁店),运动健身,舞蹈,0.0,0.0,0.0,汇川路458号
平安集团,生活服务,公司企业,0.0,0.0,0.0,陆家嘴环路1376号平安金融大厦
saucony(龙之梦购物中心店),购物,运动户外,7.6,7.3,7.6,长宁路1018号龙之梦购物中心5楼
3dvr虚拟现实游戏体验馆,休闲娱乐,游乐游艺,0.0,0.0,0.0,长宁路988号花园大厦5楼B座
IJING STUDIO半永久美妆形象定制...,丽人,纹绣,9.3,9.3,9.4,汇川路99号新时空国际商务广场2720室
辉煌印章(陆家嘴店),生活服务,快照/冲印,0.0,0.0,0.0,陆家嘴西路163号
美珍香(龙之梦购物中心店),购物,食品茶酒,7.5,6.3,6.5,长宁路1018号龙之梦购物中心B2楼
Jurlique(国金中心商场店),购物,化妆品,7.9,8.0,7.5,世纪大道8号国金中心商场LG1层
凯宾斯基酒店健身房,运动健身,健身中心,0.0,0.0,0.0,陆家嘴环路1288号凯宾斯基大酒店30楼
3dvr虚拟现实游戏体验馆,休闲娱乐,VR,0.0,0.0,0.0,长宁路988号花园大厦5楼B座
米锐克传媒公司,生活服务,公司企业,0.0,0.0,0.0,长宁路1193号来福士广场3座22楼
悠游游泳培训俱乐部(圣约翰店),运动健身,游泳馆,0.0,0.0,0.0,长宁路1188号圣约翰会所内
永和大王(公园店),美食,小吃快餐,6.9,7.2,6.8,定西路1295号
拉祜纳云南时尚餐厅,美食,云南菜,7.7,7.9,7.3,陆家嘴环路1188号R-1商铺
品田品家,美食,其他,0.0,0.0,0.0,陆家嘴西路168号正大广场7层
曼陀罗鲜花店(汇川路店),生活服务,花店,7.4,7.2,7.5,汇川路406号
多媒体生活广场停车库,爱车,停车场,0.0,0.0,0.0,长宁路999号
广州蕉叶(正大广场店),美食,东南亚菜,7.6,7.6,7.1,陆家嘴西路168号正大广场7楼
万多福(国金中心店),购物,食品茶酒,6.9,6.8,6.9,世纪大道8号国金中心商场B2层CITY SUPER内
吉吉靓甲美睫(JIJI®中山公园店),丽人,美甲美睫,9.2,9.2,9.3,长宁路969弄兆丰花园1404室
TOUS(龙之梦购物中心店),购物,珠宝饰品,7.4,7.4,7.2,长宁路1018号龙之梦购物中心1楼
棋牌室,休闲娱乐,棋牌室,0.0,0.0,0.0,银城中路168-401号
万宝龙montblanc(国金中心商场店...,购物,珠宝饰品,8.4,8.3,8.1,世纪大道8号国金中心商场1层
中街1946(正大广场店),美食,面包甜点,8.7,8.1,8.3,陆家嘴西路168号正大广场6F-48商铺旁
时代高尔夫入门课程一对一教学,休闲娱乐,更多休闲娱乐,0.0,0.0,0.0,汇川路88号
吴良材眼镜(长宁店),购物,眼镜店,7.6,7.6,7.1,定西路1315号三联商厦1楼
微市便利店,购物,超市/便利店,7.0,6.9,6.9,陆家嘴西路168号正大广场b1层21-22
三星手机售后中心(陆家嘴点),生活服务,手机维修,0.0,0.0,0.0,陆家嘴环路578号
圣约翰名邸,生活服务,小区,0.0,0.0,0.0,长宁路1188弄
星宝宝,生活服务,快照/冲印,0.0,0.0,0.0,长宁路890号玫瑰坊2层05室
CHOP CHOP steak bar(中山公园店...,美食,西餐,6.9,7.1,6.9,长宁路1018号B2018B龙之梦购物中心
秦唐大碗,美食,面馆,6.9,6.8,6.7,轨道交通三号线中山公园站（商场）3-209、3-210、3-211号
昂立智立方教育(中山公园分校),学习培训,升学辅导,8.0,8.0,7.8,长宁路1027号多媒体广场
上海电信企业宽带部,生活服务,通信营业厅,0.0,0.0,0.0,东园路189临
通力律师事务所,生活服务,更多生活服务,0.0,0.0,0.0,银城中路68号时代金融中心19楼
中烨集团,学习培训,升学辅导,0.0,0.0,0.0,陆家嘴环路1318号星展银行大厦2005室
棕榈湾,生活服务,小区,0.0,0.0,0.0,中山公园
停车场,爱车,停车场,0.0,0.0,0.0,富城路1号45号
万向大厦,生活服务,商务楼,0.0,0.0,0.0,陆家嘴西路99号
Dior童装店(国金中心店),购物,亲子购物,0.0,0.0,0.0,陆家嘴世纪大道8号国金中心商场3楼L3-1店铺
汤姆熊(正大广场店),周边游,景点,8.1,7.5,7.2,陆家嘴西路168号（近东方明珠）正大广场6楼
绰约学会,学习培训,更多教育培训,0.0,0.0,0.0,长宁路969号兆丰花园2104室
吉睦国际贸易,购物,特色集市,6.8,6.8,6.8,长宁路1027号
夜上海魔都酒吧(长宁店),休闲娱乐,酒吧,0.0,0.0,0.0,长宁路1018号龙之梦南座1层
桂满陇—南宋御街(龙之梦购物中...,美食,本帮江浙菜,8.6,9.0,8.4,长宁路1018号龙之梦购物中心8楼
千姿花卉(中山公园店),生活服务,花店,0.0,0.0,0.0,凯旋路369号5楼
贵族花艺,生活服务,花店,9.1,9.1,9.1,浦东陆家嘴西路168号正大广场B2中厅面包新语对面
簪花日本料理(陆家嘴店),美食,日本菜,8.6,8.6,8.5,花园石桥路66号东亚银行裙楼5楼地铁2号线1号出口
龙之梦大厦,生活服务,商务楼,0.0,0.0,0.0,长宁路1018号
上海中银大厦,酒店,经济型,0.0,0.0,0.0,银城中路200号中银大厦50层
全家便利店(中山公园站二店),购物,食品茶酒,7.7,7.3,7.2,地铁3号线中山公园站3-109、110号商铺
GUCCI(国金中心店),购物,服饰鞋包,8.9,9.1,8.3,陆家嘴世纪大道8号上海国金中心商场1楼L1-5店铺
粤珍轩,美食,粤菜,7.6,8.8,7.9,世纪大道88号金茂君悦大酒店55楼
凯旋坊创意园区,休闲娱乐,文化艺术,6.9,6.9,6.9,凯旋路166号
千灯逸墅,生活服务,小区,0.0,0.0,0.0,炎武路与规二路交汇处
诗泥SPA(龙之梦购物中心店),丽人,美容/SPA,9.2,9.2,9.2,长宁路1018号龙之梦购物中心5楼5041
vapes电子蒸汽烟(龙之梦购物中心...,购物,食品茶酒,7.3,7.4,7.1,长宁路1018号龙之梦购物中心3楼
南瓜车造型(玫瑰坊店),丽人,美发,9.2,9.3,9.2,长宁路988号玫瑰坊隔壁
THE EXECUTIVE CENTRE,生活服务,商圈,0.0,0.0,0.0,世纪大道8号国金中心8&36楼
刘娟美甲沙龙(国金中心商场店),丽人,美甲美睫,9.1,9.0,9.2,世纪大道8号国金中心商场LG2层
高和海德公寓,酒店,高端酒店,6.9,7.3,7.0,长宁路833号新宁购物中心内
上海新时空嘉廷酒店(原新时空瑞...,酒店,高端酒店,7.3,7.6,7.0,汇川路99号新时空国际广场2楼
展惠印章(分店),生活服务,快照/冲印,0.0,0.0,0.0,陆家嘴陆家嘴西路正大广场5楼
kiehl's科颜氏(上海龙之梦店),丽人,化妆品,8.6,8.8,7.6,长宁路1018号龙之梦购物中心一层1046室
COSTA COFFEE(上海银行大厦店),美食,咖啡厅,7.1,7.0,7.0,银城中路168号一楼大堂西区部分
逸谷会,美食,本帮江浙菜,6.7,6.7,6.7,长宁路1139号
NIKE(龙之梦购物中心店),购物,运动户外,7.5,7.6,7.2,长宁路1018号龙之梦购物中心5楼
华阳社区中心乒乓球馆,运动健身,乒乓球馆,0.0,0.0,0.0,安化路500号华阳社区文化中心
乐忻皇朝(国金中心商场店),美食,本帮江浙菜,8.6,8.5,8.6,世纪大道8号国金中心商场3层
上海巴黎春天新世界酒店,酒店,商务酒店,7.8,7.9,7.7,定西路1555号
李宁(艺鼎正大特卖店),购物,运动户外,0.0,0.0,0.0,陆家嘴西路168号正大广场
毕真烤肉集市(长宁龙之梦店),美食,烧烤,8.4,8.8,8.8,长宁路1018号龙之梦购物中心7楼
芒焉(正大广场店),美食,东南亚菜,8.2,8.1,8.2,陆家嘴西路168号正大广场B2-08
StarGame桌游狼人KTV俱乐部(中山...,休闲娱乐,轰趴馆,0.0,0.0,0.0,定西路1281号601室
焙凯BAKE cheese tart(国金中心...,美食,面包甜点,8.5,8.4,8.4,世纪大道8号国金中心商场LG2层
虹桥电子时代广场,生活服务,商务楼,0.0,0.0,0.0,长宁支路128弄
老香斋(长宁龙之梦店),购物,食品茶酒,6.7,6.4,6.4,长宁路1018号龙之梦购物中心B2楼
美的洗衣机冰箱热水器修理部,生活服务,更多生活服务,0.0,0.0,0.0,陆家嘴环路1288号
潮堂(长宁来福士店),美食,粤菜,7.1,7.7,7.7,长宁路1123号长宁来福士广场东区4楼07号
华为手机,购物,数码产品,0.0,0.0,0.0,陆家嘴西路168号4楼M37
歌影录音棚,K歌,录音棚,8.0,8.0,8.0,陆家嘴丰和路1号港务大厦东楼3218室
全家便利店(中山公园站二店),购物,超市/便利店,7.7,7.3,7.2,地铁3号线中山公园站3-109、110号商铺
星巴克(中山公园店),休闲娱乐,咖啡厅,7.2,7.0,7.2,长宁路999号1F
丽妍雅集(长宁来福士广场店),丽人,美容/SPA,8.9,9.0,9.0,长宁路1191号长宁来福士广场西区3层14B
野兽派,购物,更多购物场所,9.2,9.2,9.1,世纪大道8号上海国金中心LG1-13
FOREST ROSE森林玫瑰(玫瑰坊店),生活服务,花店,9.2,9.3,9.3,长宁路890号玫瑰坊1楼
港丽餐厅(龙之梦购物中心店),美食,粤菜,7.5,7.5,7.1,长宁路1018号龙之梦购物中心7楼
adidas instant(正大广场),购物,运动户外,0.0,0.0,0.0,陆家嘴西路168号L6层608A
家具&家居mitori(兆丰广场店),购物,家居建材,0.0,0.0,0.0,长宁路1027号兆丰广场2层
阿蒋蒸湘味(兆丰广场店),美食,湘菜,7.1,6.7,6.9,长宁路1027号兆丰广场B1层
标书打印装订商务印刷,生活服务,快照/冲印,0.0,0.0,0.0,正大广场
帕丁顿英语(中山公园店),学习培训,外语培训,9.0,9.0,9.0,华宁国际广场南塔2002A室长宁区宣化路300号定西路口
Home Garden,休闲娱乐,咖啡厅,7.2,7.7,7.4,安化路492号德必易园多媒体创意园区106室
Fuel Espresso,美食,咖啡厅,8.4,8.4,8.3,世纪大道8号国金中心商场2楼44号
丽兹卡尔顿酒店54楼,美食,其他,0.0,0.0,0.0,滨江大道2789号
电信企业宽带亨通受理点,生活服务,通信营业厅,0.0,0.0,0.0,长宁路855号
冒吧（川系冒菜）正大店,美食,川菜,0.0,0.0,0.0,正大广场8楼09号铺
1617Cafe(玫瑰坊店),休闲娱乐,咖啡厅,8.2,8.7,8.3,长宁路890号玫瑰坊1楼
星美国际影城售票处,生活服务,售票点,0.0,0.0,0.0,陆家嘴西路168号正大广场1层
德仁堂推拿养生馆,休闲娱乐,足疗按摩,0.0,0.0,0.0,长宁路969号兆丰花园1207室
中国语学校,学习培训,教育院校,6.7,6.7,6.7,长宁路855号亨通国际大厦15层B
福鹏控股公司,爱车,维修保养,0.0,0.0,0.0,陆家嘴环路1318号星展大厦21楼
Aza Aza！芝心年糕料理(龙之梦购...,美食,韩国料理,7.8,8.0,7.9,长宁路1018号龙之梦购物中心7楼
URBAN REVIVO,购物,服饰鞋包,7.0,7.0,6.5,陆家嘴西路168号正大广场2楼
锅内锅外(龙之梦购物中心店),美食,自助餐,7.6,7.9,7.6,长宁路1018号龙之梦购物中心7楼
攒岐面屋(正大店),美食,面馆,7.0,7.0,7.0,陆家嘴西路168号正大广场B2-25
新天世纪中餐厅,美食,其他,7.9,9.1,8.3,陆家嘴环路1288号上海凯宾斯基大酒店2楼
新微集团,学习培训,升学辅导,0.0,0.0,0.0,长宁路865号5号楼10层
XYZ 主题桌游轰趴馆,休闲娱乐,轰趴馆,0.0,0.0,0.0,长宁路兆丰花园969号2107室
Van Cleef & Arpels(国金中心商...,购物,珠宝饰品,0.0,0.0,0.0,世纪大道8号国金中心商场1层
上海家荣酒店公寓,酒店,经济型,8.0,7.8,7.8,汇川路99号1612室
希多蜜眼镜(中山龙之梦店),购物,眼镜店,0.0,0.0,0.0,长宁路1018号5层5099-5101铺
龙之梦万丽酒店青餐厅,美食,东南亚菜,7.7,9.0,8.7,长宁路1018号龙之梦万丽酒店26楼
清净园,美食,其他,6.9,6.9,6.9,长宁路1018号龙之梦购物中心B2楼
樱花美睫(正大广场店),丽人,美甲美睫,9.4,9.4,9.4,陆家嘴西路168号正大广场7楼27A商铺
拜博口腔(龙之梦购物中心店),医疗健康,齿科,7.9,8.1,8.0,长宁路1018号龙之梦购物中心5楼
米朵半永久,丽人,纹绣,0.0,0.0,0.0,顾村正大广场
CHAUMET(国金中心高级精品店),购物,珠宝饰品,8.7,8.4,7.8,世纪大道8号国金中心C座一层L1-38号铺
屈臣氏(龙之梦购物中心店),购物,化妆品,7.0,6.8,6.4,长宁路1018号龙之梦购物中心3楼
时代高尔夫培训(仲益黄兴练习场),休闲娱乐,更多休闲娱乐,0.0,0.0,0.0,东园路
途牛国际旅行社(长宁营业部),生活服务,旅行社,0.0,0.0,0.0,长宁路1027号兆丰广场1201室
微软店中店(苏宁长宁店),购物,数码产品,7.1,6.7,6.4,长宁路999号兆丰广场苏宁易购微软店中店
鲁艺修鞋洗鞋(安化路店),生活服务,衣物/皮具洗护,0.0,0.0,0.0,凯欣豪园
新奢之家·奢侈品护理(中山公园...,生活服务,衣物/皮具洗护,0.0,0.0,0.0,长宁路1018号龙之梦大厦24楼2421A室（雷格斯Regus内）
凝聚力工程博物馆,休闲娱乐,文化艺术,7.9,8.1,7.6,长宁路878号
THE ISLES 小岛鱼薯 FISH & CHIP...,美食,西餐,7.4,8.1,7.5,长宁路1189号来福士广场东区46号一层至二层
悦欣酒店式公寓(中山公园店),酒店,三星级/舒适型,6.6,6.5,6.5,汇川路99号新时空大厦6F
不二汽车(陆家嘴店),爱车,维修保养,0.0,0.0,0.0,陆家嘴路2967号富都滨江地下车库A区
上海凯欣豪园公寓,酒店,经济型,6.5,6.5,6.6,汇川路99号521室
高尔夫练习场精英培训中心,休闲娱乐,更多休闲娱乐,0.0,0.0,0.0,陆家嘴丰和路112号
恒兆劳务所,生活服务,家政,0.0,0.0,0.0,长宁路855号22楼A座
synopsys新思科技(上海代表处),生活服务,公司企业,0.0,0.0,0.0,长宁路1027号兆丰广场13-18层
灰常奢护,生活服务,衣物/皮具洗护,0.0,0.0,0.0,汇川路99号新时空401室
正大广场-洗手间,生活服务,厕所,0.0,0.0,0.0,陆家嘴西路168号
缘丰料理(龙之梦购物中心店),美食,日本菜,7.8,8.0,8.1,长宁路1018号龙之梦购物中心7楼
晟馨影音数码专营店,购物,数码产品,7.0,7.0,7.0,陆家嘴西路168号正大广场4楼金数码世界相机耳机数码专柜
菲洛佳水光皮肤管理中心,丽人,美容/SPA,0.0,0.0,0.0,世纪大道
公厕,生活服务,厕所,0.0,0.0,0.0,滨江大道2789号附近
上海homelink酒店式公寓,酒店,经济型,0.0,0.0,0.0,上海汇川路99弄
唐朝酒店(未来店),酒店,经济型,6.6,6.6,6.8,陆家嘴环路166号未来资产大厦2-3楼
MLB(正大广场店),购物,运动户外,8.5,8.3,7.9,陆家嘴西路168号正大广场5楼
韩厨心意(兆丰广场店),美食,韩国料理,7.9,7.6,8.5,长宁路1027号兆丰广场B1层
收件宝社区便民服务站,生活服务,物流快递,0.0,0.0,0.0,长宁路999
友唱 M-bar,休闲娱乐,更多休闲娱乐,0.0,0.0,0.0,凯德虹口龙之梦
电信企业宽带三泾北宅受理点,生活服务,通信营业厅,0.0,0.0,0.0,凯旋路369
东方明珠广播电视塔,周边游,景点,8.1,7.7,7.4,浦东世纪大道1号
獐子岛(国金店),购物,食品茶酒,7.4,7.1,7.3,世纪大道8号上海国金中心LG2楼city'super内
曼苏尔西域美食(兆丰广场店),美食,清真菜,7.3,7.0,7.3,长宁路1027号兆丰广场B1层
黄兴高尔夫教练指导课,休闲娱乐,更多休闲娱乐,0.0,0.0,0.0,陆家嘴西路
青少年高尔夫教学,运动健身,高尔夫场,0.0,0.0,0.0,陆家嘴西路
潜艇体验馆,休闲娱乐,更多休闲娱乐,0.0,0.0,0.0,滨江大道2789号外滩观光隧道
三地鼠VR虚拟现实影吧体验馆,休闲娱乐,游乐游艺,0.0,0.0,0.0,长宁路982号花园大厦东楼403室
美丽田园(龙之梦购物中心店),丽人,瘦身纤体,9.2,9.1,9.2,长宁路1123号长宁来福士商场东区E6楼-30号商铺
GK NAIL SALON(正大广场店),丽人,美甲美睫,0.0,0.0,0.0,陆家嘴西路168号正大广场3楼
THE NORTH FACE(正大广场店),购物,运动户外,7.5,7.5,7.5,陆家嘴西路168号（近东方明珠）正大广场4楼
方正和生投资有限责任公司,生活服务,公司企业,0.0,0.0,0.0,陆家嘴街道世纪大道8号上海国金中心二期45楼4505室
海明刻章,生活服务,快照/冲印,0.0,0.0,0.0,陆家嘴陆家嘴西路168号正大广场1楼17-20号铺
家有好面(龙之梦购物中心店),美食,小吃快餐,7.2,6.7,6.7,长宁路1018号龙之梦购物中心7楼
Twinings川宁餐厅,美食,面包甜点,8.4,9.0,8.7,陆家嘴西路168号正大广场三楼25号
哈利波特tm魔法世界,周边游,景点,8.6,7.3,7.6,陆家嘴西路168号正大广场9楼
57度湘(龙之梦购物中心店),美食,烧烤,8.3,8.5,8.6,长宁路1018号龙之梦购物中心7楼
李小龙截拳道专业培训中心,运动健身,武术场馆,0.0,0.0,0.0,陆家嘴世纪大道
望湘园(正大广场店),美食,湘菜,8.2,8.4,7.7,陆家嘴西路168号正大广场4楼29号铺
love movie私人影院,休闲娱乐,私人影院,0.0,0.0,0.0,中山公园龙之梦长宁路988号8c
陆家嘴中心绿地,周边游,景点,6.8,6.9,5.2,陆家嘴环路717号
春秋航空,生活服务,售票点,0.0,0.0,0.0,定西路1558号
国金中心-二期,生活服务,商务楼,0.0,0.0,0.0,世纪大道8号
肯德基(汇川店),美食,小吃快餐,7.1,6.8,6.8,长宁路1018号B1层
浦东香格里拉游泳培训,运动健身,健身中心,0.0,0.0,0.0,陆家嘴富城路
西园宇治抹茶(正大广场店),美食,面包甜点,7.6,7.4,7.4,陆家嘴西路168号正大广场3楼13
ETUDE HOUSE(中山公园店),丽人,化妆品,7.7,7.5,7.2,长宁路1018号龙之梦购物中心1楼
DW,运动健身,更多运动场馆,0.0,0.0,0.0,定西路50号
华润租赁,爱车,汽车租赁,0.0,0.0,0.0,世纪大道8号
吉瘦埋线针灸调理减肥瘦身中心,丽人,产后塑形,9.0,9.0,9.1,长宁路988号花园大厦8楼C座
上海美怡酒店,酒店,度假酒店,7.1,6.2,6.2,汇川路99号新时空国际商务广场16楼1612室
渣打银行,生活服务,银行,0.0,0.0,0.0,陆家嘴西路168号正大广场
上海贝尔特酒店,酒店,四星级/高档型,7.7,7.9,7.7,定西路1525号
苗方御颜专业祛痘(中山公园店),丽人,祛痘,6.9,6.9,6.9,长宁路1018号龙之梦商场9A室
7-11便利店(景庭店),购物,超市/便利店,7.3,7.3,7.1,陆家嘴环路1396号
中旅国际旅行社(浦东门店),生活服务,旅行社,0.0,0.0,0.0,正大广场6楼
E时代公寓(中山公园新时空店),酒店,经济型,0.0,0.0,0.0,汇川路99号6楼
新肴珍宝海鲜(ifc店),美食,海鲜,9.1,9.0,8.5,世纪大道8号国金中心L3-10店铺
Awfully Chocolate(龙之梦购物中...,美食,面包甜点,8.3,8.1,7.8,长宁路1018号龙之梦购物中心2楼
衣卫士洗衣(路易凯旋宫店),生活服务,衣物/皮具洗护,0.0,0.0,0.0,武夷路路易凯旋宫5号楼8楼
甜蜜蜜港式茶餐厅(中山公园店),美食,粤菜,6.9,6.8,7.0,长宁路1027号兆丰广场地下一层甜蜜蜜港式茶餐厅
Tapas Yoga,运动健身,瑜伽,0.0,0.0,0.0,定西路1277号长峰大厦502A室
普祥房地产经纪有限公司,生活服务,房屋地产,0.0,0.0,0.0,定西路1279号名光大厦
雕龙大鼓太鼓腰鼓节目表演演出,休闲娱乐,文化艺术,0.0,0.0,0.0,长宁路1288
小杨生煎(东方明珠),美食,小吃快餐,8.1,7.2,7.3,上海市浦东新区陆家嘴环路1406-1408号
龙门花甲(中山公园店),美食,海鲜,8.0,7.7,8.4,长宁路890号玫瑰坊B2楼
安利专卖店,生活服务,更多生活服务,0.0,0.0,0.0,长宁路1318弄
井格老灶火锅(龙之梦购物中心店),美食,火锅,8.4,8.4,8.2,长宁路1018号龙之梦购物中心B2楼
寰际教育,学习培训,外语培训,8.4,8.4,8.4,长宁路1189号来福士广场T2座1901单元
建设银行ATM,生活服务,银行,0.0,0.0,0.0,长宁路890号玫瑰坊
叁眼镜,购物,眼镜店,5.9,5.9,5.9,中山公园龙之梦4楼
CONVERSE(龙之梦购物中心店),购物,运动户外,7.2,7.0,6.9,长宁路1018号龙之梦购物中心5楼
COSTA COFFEE(汇丰银行店),休闲娱乐,咖啡厅,6.8,7.0,6.8,陆家嘴世纪大道8号上海国金中心汇丰银行大楼
韦博英语(中山公园中心),学习培训,外语培训,9.1,9.1,9.1,长宁路1055号汇都大楼9楼
佳莉雅美发美容中心(浦东香格里...,丽人,美容/SPA,6.8,6.8,6.8,富城路33号4楼
GENIE(龙之梦购物中心店),休闲娱乐,文化艺术,0.0,0.0,0.0,长宁路1018号龙之梦购物中心1楼
三月massage(中山公园店),休闲娱乐,中医养生,0.0,0.0,0.0,长宁路982号花园大厦B栋505室
嘉年华旅行社有限公司,生活服务,旅行社,0.0,0.0,0.0,定西路1279号名光大厦
豆捞坊(龙之梦购物中心店),美食,火锅,7.7,7.9,7.5,长宁路1018号龙之梦购物中心8楼
上海国金汇服务式公寓,酒店,商务酒店,9.2,8.7,8.8,世纪大道8号
高端花店,生活服务,花店,0.0,0.0,0.0,陆家嘴国金购物中心LG2
德仁堂推拿养生馆,休闲娱乐,中医养生,0.0,0.0,0.0,长宁路969号兆丰花园1207室
新鸿基地产,生活服务,房屋地产,0.0,0.0,0.0,世纪大道8号国金中心二期
GaGa Yoga瑜伽会所(中山公园地铁...,丽人,舞蹈,0.0,0.0,0.0,凯旋路166号凯旋坊1楼
鹿港小镇(龙之梦购物中心店),美食,台湾菜,7.6,7.8,7.5,长宁路1018号龙之梦购物中心7楼
七世纪,购物,家居建材,6.6,6.5,6.9,世纪大道8号国金中心B2层CITY SUPER内
laclub雪茄店(上海浦东店),购物,食品茶酒,7.7,7.7,7.7,富城路33号上海浦东香格里拉大酒店二期一楼706号铺
圣汇医疗美容,丽人,整形,0.0,0.0,0.0,凯旋路399号
电信企业宽带兆丰受理点,生活服务,通信营业厅,0.0,0.0,0.0,长宁路1027号
南京大牌档(龙之梦购物中心店),美食,本帮江浙菜,8.3,8.5,8.0,长宁路1018号龙之梦购物中心8楼
洛银金融租赁股份有限公司,爱车,汽车租赁,0.0,0.0,0.0,银城中路168号上海银行大厦901室
cele,周边游,景点,0.0,0.0,0.0,定西路1328号+2层cele
炉边情谈(正大广场店),美食,韩国料理,0.0,0.0,0.0,陆家嘴西路168号（近东方明珠）正大广场6楼
kiehl's科颜氏(上海正大店),购物,化妆品,8.1,8.0,7.0,陆家嘴西路168号正大广场GF06
上海尚豪搬家搬场服务有限公司,生活服务,搬家,0.0,0.0,0.0,全市上门服务
ZARA(正大广场店),购物,服饰鞋包,6.8,6.8,6.3,陆家嘴西路168号（近东方明珠）正大广场1楼
现代服务业联合会,生活服务,更多生活服务,0.0,0.0,0.0,滨江大道2525弄5号
上航旅游(长宁龙之梦店),生活服务,旅行社,0.0,0.0,0.0,长宁路1018号龙之梦购物中心5楼5017号铺
中央电视台财经频道上海中心站,生活服务,更多生活服务,0.0,0.0,0.0,陆家嘴环路166号未来资产大厦5层
新视界眼科医院停车场,爱车,停车场,0.0,0.0,0.0,汇川路18号上海新视界眼科医院
东方明珠旅行社,生活服务,旅行社,0.0,0.0,0.0,世纪大道1号
上海浦东香格里拉大酒店,酒店,高端酒店,8.4,8.8,8.4,富城路33号
良品站(玫瑰坊店),购物,超市/便利店,0.0,0.0,0.0,长宁路890号玫瑰坊B1楼
金轩中餐厅,美食,粤菜,8.6,9.3,9.1,世纪大道8号上海国金中心丽思卡尔顿酒店53楼
龙之梦雅仕大厦停车场,爱车,停车场,0.0,0.0,0.0,凯旋路369号
SpringFlorist(国金中心店),购物,花店,7.6,7.6,7.3,世纪大道8号国金中心商场B2楼LG2号
回家酒店式公寓(中山公园店),酒店,公寓式酒店,7.6,7.6,7.4,汇川路99号新时空国际商务广场13楼
DHC(巴黎春天店),购物,化妆品,7.6,7.5,7.4,长宁路823号巴黎春天1楼
华阳路派出所,生活服务,政府机构,0.0,0.0,0.0,定西路1291号
MUJI无印良品(国金中心商场店),购物,服饰鞋包,8.9,9.1,8.5,世纪大道8号国金中心商场3层
香格里拉酒店宴会厅,美食,其他,7.3,7.5,7.1,富城路33号
时代高尔夫学习课程(含体验课),运动健身,高尔夫场,0.0,0.0,0.0,陆家嘴滨江大道
宝宁房地产发展有限公司,生活服务,房屋地产,0.0,0.0,0.0,长宁路1027号兆丰广场13层03
拉蒂娜Latina巴西烧烤音乐餐厅(...,美食,西餐,7.8,8.7,8.3,陆家嘴环路165号2楼
艾维庭美甲美睫沙龙(正大广场店),丽人,美甲美睫,7.6,7.6,7.4,陆家嘴西路168号正大广场7楼7A25号铺
纯の手工坊(莘庄店),休闲娱乐,DIY手工坊,0.0,0.0,0.0,沪闵路6088号莘庄凯德龙之梦购物中心4楼
椰子不语(正大广场店),美食,火锅,7.9,8.4,7.9,陆家嘴西路168号正大广场8F-29号
星巴克(龙之梦2店),美食,咖啡厅,7.5,7.2,7.4,长宁路1018号龙之梦购物中心1楼1073号铺
吉雅拉面,美食,面馆,6.2,6.3,6.4,世纪大道55号东方浮庭2楼
星巴克(正大店),休闲娱乐,咖啡厅,7.6,7.5,7.5,陆家嘴西路168号3F
Nicholas&Bears(国金中心商场店),购物,亲子购物,0.0,0.0,0.0,世纪大道8号国金中心商场3层L3-38
花样年华,生活服务,花店,7.1,7.1,7.1,长宁路890号玫瑰坊3楼
家常炒菜,美食,家常菜,6.8,6.8,6.8,安化路571号
上海蓝安酒店式公寓(中山公园地...,酒店,经济型,6.9,7.7,7.1,汇川路99号新时空国际商务广场2323室
BALINI COFFEE,美食,咖啡厅,7.7,7.7,7.9,长宁路1191号来福士广场01层09号
珍面轩(国金中心商场店),美食,小吃快餐,7.0,7.0,6.8,世纪大道8号国金中心商场LG2层
3D魔幻趣味馆,周边游,展馆展览,8.7,8.6,8.5,滨江大道2789号外滩观光隧道B2楼
TIFFANY蒂梵尼造型设计(长宁来福...,丽人,美发,9.5,9.5,9.5,长宁路1191号来福士广场西区3层14A号
Tapas Yoga,丽人,舞蹈,0.0,0.0,0.0,定西路1277号长峰大厦502A室
红唇串串香(正大广场店),美食,火锅,8.3,7.3,7.7,陆家嘴西路168号（近东方明珠）正大广场B2楼
良工巧匠(龙之梦工作室),生活服务,裁缝改衣,0.0,0.0,0.0,长宁路1018号龙之梦办公楼24层2402室
春秋国际旅行社(定西路店),生活服务,旅行社,0.0,0.0,0.0,定西路1558号
星展银行(陆家嘴环路支行),生活服务,商务楼,0.0,0.0,0.0,陆家嘴环路1318号星展银行大厦18楼
必胜客(龙之梦店),美食,西餐,7.2,7.2,6.9,上海市长宁路1018号龙之梦购物中心B1层
阿扎家芝士年糕料理,美食,韩国料理,6.8,7.1,7.0,中山公园龙之梦7楼
夏小馆(陆家嘴店),美食,本帮江浙菜,7.6,7.9,7.8,陆家嘴街道正大广场8楼23号铺
上海富春小笼(正大广场店),美食,小吃快餐,7.1,6.8,6.7,陆家嘴西路168号（近东方明珠）正大广场B2楼
神州租车(三号线中山公园站点),爱车,汽车租赁,0.0,0.0,0.0,路凯旋路轻轨三号线中山公园站3号出口
FOSSIL,购物,珠宝饰品,0.0,0.0,0.0,长宁路1018号龙之梦购物中心F1
CYOVAPE电子烟(龙之梦购物中心店...,购物,更多购物场所,7.5,7.8,7.5,长宁路1018号龙之梦购物中心2楼
APM Monaco(国金中心商场店),购物,珠宝饰品,9.1,9.0,7.4,世纪大道8号国金中心商场LG1层
上海国金汇服务式公寓,酒店,高端酒店,9.2,8.7,8.8,世纪大道8号
食之秘(星展银行店),美食,东南亚菜,7.4,7.7,7.4,陆家嘴环路1318号星展银行大厦美食广场
M.A.C(龙之梦购物中心店),购物,化妆品,7.6,7.5,6.6,长宁路1018号龙之梦购物中心1楼
百丽(正大店),生活服务,更多生活服务,0.0,0.0,0.0,陆家嘴西路168号正大广场2楼
AURA 酒吧,休闲娱乐,酒吧,0.0,0.0,0.0,陆家嘴环路丽思卡尔顿酒店52楼
新视界眼镜店(龙之梦上海书城店),购物,眼镜店,9.3,9.3,9.3,长宁路1057号龙之梦对面上海书城二楼
强生国旅,生活服务,旅行社,0.0,0.0,0.0,长宁路地铁2号线中山公园站内
房产律师,生活服务,更多生活服务,0.0,0.0,0.0,陆家嘴
威尔士健身会所(中山公园店),运动健身,健身中心,0.0,0.0,0.0,汇川路88号凯欣豪园一楼大厅内
韩式花艺,购物,花店,7.6,7.6,7.6,陆家嘴环路
华氏大药房(正大店),购物,药店,6.5,6.3,6.4,陆家嘴西路168号正大广场B2楼卜蜂莲花内
千彩小火锅,美食,火锅,7.0,7.0,7.0,陆家嘴
至尊租车(中山公园店),爱车,汽车租赁,0.0,0.0,0.0,长宁路1018号
第三女子中学(过渡校区),学习培训,教育院校,0.0,0.0,0.0,长宁路1302弄9
LANEIGE兰芝(上海正大广场旗舰店...,丽人,化妆品,7.8,7.8,7.7,上海市浦东新区陆家嘴西路168号GF-08
星美国际影城(正大店),电影演出赛事,电影院,0.0,0.0,0.0,陆家嘴西路168号正大广场8楼
la prairie(国金中心商场店),购物,化妆品,7.5,7.5,7.4,世纪大道8号国金中心商场2层
上海新时空鑫源酒店式公寓(中山...,酒店,三星级/舒适型,6.9,6.9,6.9,汇川路99号新时空国际大厦11楼1108室
粉越西贡,美食,小吃快餐,7.6,8.4,8.1,长宁路1018号龙之梦购物中心6楼
俏江南(中山公园龙之梦店),美食,川菜,8.0,8.4,8.1,长宁路1018号龙之梦8楼
雅仕大厦,生活服务,商务楼,0.0,0.0,0.0,凯旋路369号
G.Flower鲜花港(中山公园店),购物,花店,9.2,9.1,9.2,汇川路464号
陆家嘴-地铁站,生活服务,交通,0.0,0.0,0.0,世纪大道
上海一圈青年文化主题公园,周边游,景点,6.9,6.9,6.9,陆家嘴环路717号
1点点(兆丰广场店),美食,面包甜点,7.3,6.7,6.9,长宁路999号兆丰广场吉家美食汇b1
上海驾培莘庄办事处,学习培训,驾校,0.0,0.0,0.0,长宁路843号
晨光生活馆(正大广场店),购物,办公/文化用品,7.6,7.7,7.5,陆家嘴西路168号正大广场大众书局内
芭俪伊人养生spa(中山公园店),丽人,美容/SPA,9.3,9.2,9.3,长宁路988号花园大厦4D
中国金融信息中心,生活服务,更多生活服务,0.0,0.0,0.0,东园路18号
吉佳超市,购物,超市/便利店,7.1,6.9,7.0,长宁路999号光一百货B1楼
教室租赁,生活服务,更多生活服务,0.0,0.0,0.0,长宁路988号花园大厦
杏园堂(中山公园店),休闲娱乐,中医养生,0.0,0.0,0.0,定西路1277号长峰大厦1301室
上海电信企业部,生活服务,通信营业厅,0.0,0.0,0.0,陆家嘴环路
橘色火锅,美食,火锅,8.3,9.1,8.9,陆家嘴西路正大广场6楼12B室
中山公园高尔夫初学培训(仙霞店),休闲娱乐,更多休闲娱乐,0.0,0.0,0.0,长宁路1201号
第五空间咖啡馆,美食,咖啡厅,7.9,8.3,8.1,长宁路1018号龙之梦购物中心4楼4202室
金吉鸟健身(中山公园店),运动健身,健身中心,0.0,0.0,0.0,长宁路823号巴黎春天3楼
择酒吧 Zpark bar,休闲娱乐,酒吧,0.0,0.0,0.0,长宁路1018号25楼龙之梦万丽大酒店
新视界眼科医院,医疗健康,医院,6.6,6.7,7.0,汇川路18号
大嘴外教 Linguatutor,学习培训,外语培训,7.6,7.8,7.6,长宁路1027号兆丰广场1905室
陆小白专业脱毛中心(中山公园店),丽人,美容/SPA,8.1,7.8,8.0,长宁路988号花园大厦704B室
好乐迪(中山公园店),休闲娱乐,KTV,8.6,8.3,8.1,长宁路999号多媒体生活广场4楼
南极人(龙之梦购物中心店),购物,品牌折扣店,0.0,0.0,0.0,长宁路1018号龙之梦购物中心9楼
诠迅租车,爱车,汽车租赁,0.0,0.0,0.0,银城中路68号时代金融中心22层
高尔夫初学体验课程教练指导,运动健身,高尔夫场,0.0,0.0,0.0,陆家嘴环路1388号
一茶一坐▪台菜海鲜精作坊(龙之梦...,美食,台湾菜,6.9,7.1,6.9,长宁路1018号龙之梦购物中心7楼
大食代(攒岐面屋店),美食,面馆,0.0,0.0,0.0,中国（上海）自由贸易试验区陆家嘴西路168号B2-25号单元
小杨生煎(中山公园龙之梦),美食,小吃快餐,7.7,7.2,7.1,长宁路1018号龙之梦购物中心B2楼
上海聚虹搬家搬场公司,生活服务,搬家,0.0,0.0,0.0,长宁路982号
Pho Asia 亚阁越南料理(长宁来福...,美食,东南亚菜,0.0,0.0,0.0,长宁路1123号来福士广场B1
天天物流(安化路物流网点),生活服务,物流快递,0.0,0.0,0.0,安化路685号
SICARIO(龙之梦购物中心店),电影演出赛事,电影院,0.0,0.0,0.0,长宁路1018号龙之梦购物中心4楼
上海春秋国际旅行社(陆家嘴服务...,生活服务,旅行社,0.0,0.0,0.0,陆家嘴环路1416号
丰和日丽(长宁来福士店),美食,本帮江浙菜,7.4,7.7,6.9,长宁路1189号来福士广场东区5楼24号
ufo,休闲娱乐,DIY手工坊,0.0,0.0,0.0,长宁路1018号龙之梦购物中心1L
caudalie欧缇丽,丽人,化妆品,7.3,7.3,7.3,世纪大道8号国金中心LG2-7商铺
遂道股份,丽人,瘦身纤体,0.0,0.0,0.0,陆家嘴环路正大广场b3
Life Fitness力健跑步机健身设备...,购物,更多购物场所,8.5,8.5,8.5,长宁路1139号凯德来福士东区5楼0503号
上海凯宾斯基大酒店,酒店,高端酒店,8.4,8.4,8.2,陆家嘴环路1288号
沙绿轻食(玫瑰坊店),美食,西餐,8.7,8.4,8.7,长宁路890号玫瑰坊商业街B1-20号
新时空社会停车库,爱车,停车场,0.0,0.0,0.0,长宁路1031号
瑞尔齿科(正大广场店),医疗健康,齿科,9.1,9.2,9.2,陆家嘴西路168号正大广场B1楼F16号铺
Shanghai Flowers Line上海花行(...,购物,更多购物场所,7.7,7.7,7.7,世纪大道8号国金中心B1
garden party(玫瑰坊店),周边游,景点,0.0,0.0,0.0,长宁路890号玫瑰坊1楼
M.A.C(龙之梦购物中心店),丽人,化妆品,7.6,7.5,6.6,长宁路1018号龙之梦购物中心1楼
卿生活专业健康美丽定制(中山公...,丽人,瘦身纤体,9.2,9.2,9.2,长宁路969号兆丰花园2505室
一针一线服饰修改连锁(正大广场...,生活服务,衣物/皮具洗护,0.0,0.0,0.0,陆家嘴西路168号（近东方明珠）正大广场B2楼
新时空阿卑斯酒店式公寓,酒店,经济型,6.8,7.2,6.7,汇川路99号新时空国际商务广场521室
膳魔师(长宁龙之梦店),购物,家居建材,6.9,7.1,7.0,长宁路1018号龙之梦购物中心5楼黄中庭HOLA特力和乐内
Danish Bar,休闲娱乐,酒吧,0.0,0.0,0.0,世纪大道8号LG2-26
世保刻章印章打印店,生活服务,快照/冲印,0.0,0.0,0.0,陆家嘴世纪大道
L&C皮革工房(IFC国金中心店),生活服务,衣物/皮具洗护,0.0,0.0,0.0,陆家嘴世纪大道8号IFC国金中心商场LG2-23号商铺
鱼乐水产(龙之梦购物中心店),美食,火锅,8.3,8.7,8.1,长宁路1018号龙之梦购物中心8楼
香槟吧,休闲娱乐,酒吧,0.0,0.0,0.0,陆家嘴环路1288号上海凯宾斯基大酒店2层
mamonde(屈臣氏长宁龙之梦店),购物,化妆品,6.4,6.4,6.4,长宁路1018号3楼屈臣氏柜台
圣汇医疗美容,医疗健康,整形,0.0,0.0,0.0,凯旋路399号
乐高玩具专柜(龙之梦购物中心店),购物,亲子购物,0.0,0.0,0.0,长宁路1018号龙之梦购物中心6楼
johnny老师的游泳课,运动健身,游泳馆,0.0,0.0,0.0,武夷路
上海凯宾斯基大酒店,酒店,五星级/豪华型,8.4,8.4,8.2,陆家嘴环路1288号
上海时代高尔夫球初级班5998,运动健身,高尔夫场,0.0,0.0,0.0,陆家嘴东昌路
仙霞高球技术提升课,运动健身,高尔夫场,0.0,0.0,0.0,中山公园万航渡路
洋东西,生活服务,网站,0.0,0.0,0.0,安化路444号
香港日置名媛美容瘦身(龙之梦购...,丽人,瘦身纤体,8.9,8.9,9.0,长宁路1018号龙之梦购物中心5楼
富泽商店,购物,超市/便利店,0.0,0.0,0.0,世纪大道8号国金中心商场LG2citysuper内baking区
永乐生活电器(龙之梦购物中心店),购物,家居建材,6.4,6.0,5.8,长宁路1018号龙之梦购物中心B1楼
樱花国际日语(中山公园中心),学习培训,外语培训,9.3,9.4,9.3,长宁路890号玫瑰坊2楼
GK美甲(正大店),丽人,美甲美睫,8.0,8.2,8.1,陆家嘴西路168号正大广场3楼L60A
鲜芋仙(龙之梦购物中心店),美食,面包甜点,7.5,7.5,7.3,长宁路1018号龙之梦购物中心2楼
吴昌硕纪念馆,周边游,展馆展览,7.4,7.8,7.6,陆家嘴东路15号
GaGa Yoga瑜伽会所(中山公园地铁...,运动健身,舞蹈,0.0,0.0,0.0,凯旋路166号凯旋坊1楼
贝尔特酒店停车场,爱车,停车场,0.0,0.0,0.0,定西路1525-1号
轻松一夏相约高尔夫,运动健身,高尔夫场,0.0,0.0,0.0,汇川路
上海银行ATM,生活服务,银行,0.0,0.0,0.0,长宁路999号
天丽欢涮涮锅达人(陆家嘴店),美食,火锅,6.9,6.9,6.8,陆家嘴环路1398号陆家嘴景庭
多其丽酵素(长宁店),购物,药店,0.0,0.0,0.0,愚园路1435号
爱睫物语(来福士店),丽人,美甲美睫,9.3,9.3,9.3,长宁路1123号长宁来福士商场东区06-33
delonghi,购物,家居建材,0.0,0.0,0.0,陆家嘴西路168号正大广场4层
星米休闲餐厅(上海浦东正大广场...,美食,韩国料理,7.4,7.4,7.3,陆家嘴西路168号正大广场b2层1A-01
个人行李托运,生活服务,物流快递,0.0,0.0,0.0,世纪大道55号2f-2
牛比羊大铁板烧(正大店),美食,烧烤,6.5,6.7,6.9,陆家嘴西路168号正大广场B2楼食代馆内
天马座花艺(陆家嘴店),购物,花店,7.8,7.8,7.6,世纪大道8号
中山高端会所,休闲娱乐,足疗按摩,0.0,0.0,0.0,长宁路1318号
水货SEAHOOD(长宁龙之梦店),美食,海鲜,7.6,8.4,8.3,长宁路1018号龙之梦购物中心梦6楼
地板翻新打磨青洗抛光打蜡护理保...,生活服务,家政,0.0,0.0,0.0,凯旋路128号
寰际教育,学习培训,兴趣生活,8.4,8.4,8.4,长宁路1189号来福士广场T2座1901单元
星巴克(中山公园店),美食,咖啡厅,7.2,7.0,7.2,长宁路999号1F
高尔夫练习场初学课程(仙霞),休闲娱乐,更多休闲娱乐,0.0,0.0,0.0,凯旋路500号
长江联合维权律师,生活服务,更多生活服务,0.0,0.0,0.0,凯旋路
La Mer(国金中心商场店),丽人,化妆品,8.5,9.0,8.3,世纪大道8号国金中心商场2层
悦欣酒店式公寓(中山公园店),酒店,公寓式酒店,6.6,6.5,6.5,汇川路99号新时空大厦6F
行李托运(长宁路网点),生活服务,物流快递,0.0,0.0,0.0,长宁路1021号
babyjump少儿舞蹈,丽人,舞蹈,0.0,0.0,0.0,凯旋路200号
麦隆咖啡Mellower Coffee(正大广...,休闲娱乐,咖啡厅,8.1,8.4,8.2,陆家嘴西路168号，正大广场1楼
静毅川湘馆,美食,湘菜,7.3,6.8,6.8,汇川路460号
the one pastry,美食,其他,0.0,0.0,0.0,长宁路1018号龙之梦购物中心B1层
Hooters猫头鹰餐厅(浦东店),美食,西餐,7.5,8.2,8.0,陆家嘴西路168号正大广场一层
爱蒂宝(正大广场店),购物,水果生鲜,8.9,8.8,9.0,陆家嘴西路168号正大广场临8f04
蟹庄缘阳澄湖大闸蟹(中山公园店),美食,蟹宴,7.1,7.1,7.1,长宁路1080号
高和海德,生活服务,小区,0.0,0.0,0.0,长宁路833号
俏江南(国金中心商场店),美食,川菜,7.3,7.5,6.9,世纪大道8号国金中心商场4层
上海城市历史发展陈列馆,周边游,展馆展览,9.3,9.2,9.1,世纪大道1号东方明珠广播电视塔零米大厅内
韵莜健康纤体养生馆,丽人,瘦身纤体,9.3,9.2,9.3,长宁路969号兆丰花园1206室
蜀记麻辣香锅,美食,川菜,6.7,6.3,5.5,陆家嘴西路168号正大广场B2楼食代馆内
安薇塔英国茶体系(国金中心店),休闲娱乐,茶馆,0.0,0.0,0.0,世纪大道8号国金中心商场D座4楼
避风塘(正大广场店),美食,粤菜,7.6,7.5,7.3,陆家嘴西路168号（近东方明珠）正大广场8楼
邮政速递物流有限公司兆丰揽投站,生活服务,物流快递,0.0,0.0,0.0,长宁路1027号兆丰广场1层
凯宾斯基大酒店停车场,爱车,停车场,0.0,0.0,0.0,陆家嘴环路1288号（近东方明珠）上海凯宾斯基大酒店
优家酒店公寓(中山公园地铁站店),酒店,经济型,0.0,0.0,0.0,新时空汇川路99号6楼
上海拓展,军训,魔训,学习培训,职业技术,6.8,6.8,6.8,长宁路中山公园
喜眠,购物,亲子购物,0.0,0.0,0.0,陆家嘴正大广场
时代高尔夫培训(中山公园教学点),运动健身,高尔夫场,0.0,0.0,0.0,中山公园汇川路400号
尊鹰工厂折扣店,购物,品牌折扣店,0.0,0.0,0.0,长宁路1018号龙之梦购物中心F9
jins,购物,眼镜店,7.7,7.8,7.9,浦东陆家嘴正大广场3楼
手机维修台(兆丰广场店),生活服务,手机维修,0.0,0.0,0.0,长宁路1027号兆丰广场B1层
鸟安(中山公园店),美食,烧烤,7.6,7.1,6.9,汇川路172号
全家Family Mart(兆丰广场店),购物,更多购物场所,0.0,0.0,0.0,长宁路1027号兆丰广场B1层
新世界教育(中山公园校区),学习培训,留学,7.4,7.4,7.2,长宁路855号亨通国际大厦5楼
同济大学·眼科教学医院门诊,生活服务,医院,7.0,7.0,7.0,汇川路18号
全家便利店(陆家嘴环路二店),购物,食品茶酒,7.2,7.1,7.1,陆家嘴环路1318号星展银行大厦B1楼
国美电器(长宁路店),购物,数码产品,6.7,6.2,6.0,长宁路986号
高尔夫教学中心,休闲娱乐,更多休闲娱乐,0.0,0.0,0.0,陆家嘴丰和路
翼海国际货运有限公司,生活服务,物流快递,0.0,0.0,0.0,长宁路1027号上海多媒体产业园28层03
微星笔记本电脑售后中心(陆家嘴...,生活服务,电脑维修,0.0,0.0,0.0,银城中路628号
梦之龙,美食,川菜,6.9,6.9,6.9,长宁路1088号
18B,生活服务,花店,0.0,0.0,0.0,长宁路890号玫瑰坊1楼18B室
江华舞蹈艺术会所(中山公园店),丽人,舞蹈,0.0,0.0,0.0,长宁路1158号贝多芬广场5楼518室
YOYO创意工坊,休闲娱乐,DIY手工坊,0.0,0.0,0.0,沪闵路6088号莘庄凯德龙之梦购物中心4楼
刘娟美甲沙龙(长宁来福士店),丽人,美甲美睫,9.2,9.3,9.3,长宁路1123号来福士广场06层34/42号
中国邮政储蓄银行(中山西路邮局...,生活服务,银行,0.0,0.0,0.0,路1245号
澳大利亚和新西兰银行(陆家嘴支...,生活服务,银行,0.0,0.0,0.0,陆家嘴环路166号未来资产大厦1楼
叶家花卉(陆家嘴站),生活服务,花店,7.2,7.0,7.0,世纪大道145号
一兆韦德健身(圣约翰店),运动健身,健身中心,0.0,0.0,0.0,长宁路1188弄圣约瀚名邸小区8号楼B1
亮晶晶雪碧亭,购物,超市/便利店,0.0,0.0,0.0,丰和路与滨江大道交叉口东50米
中国平安金融大厦停车场,爱车,停车场,0.0,0.0,0.0,陆家嘴环路1333号
Puyi Optical(国金店),购物,眼镜店,7.9,8.1,7.7,世纪大道8号国金中心商场L3-23室
珍珠商场,购物,综合商场,0.0,0.0,0.0,滨江大道2789号外滩观光隧道
海马体照相馆,生活服务,快照/冲印,0.0,0.0,0.0,陆家嘴西路168号正大广场5F57A
vapes电子蒸汽烟,购物,特色集市,7.2,7.4,7.1,陆家嘴西路168号5楼71号商铺
高尔夫练习场成人教学,运动健身,高尔夫场,0.0,0.0,0.0,陆家嘴环路
美联社(人气中山公园店),丽人,美发,9.3,9.1,9.3,长宁路988号301房间花园大厦
玩具反斗城(上海正大店),购物,亲子购物,0.0,0.0,0.0,陆家嘴西路168号（近东方明珠）正大广场4楼
Dior女装店(国金中心商场店),购物,更多购物场所,8.7,8.8,8.2,世纪大道8号国金中心商场1层
三月massage(中山公园店),休闲娱乐,足疗按摩,0.0,0.0,0.0,长宁路982号花园大厦B栋505室
东方明珠-地下停车场,爱车,停车场,0.0,0.0,0.0,陆家嘴环路
Tapas Yoga,丽人,瑜伽,0.0,0.0,0.0,定西路1277号长峰大厦502A室
鲜行者牛肉火锅龙之梦(广场店),美食,火锅,7.3,7.2,7.1,长宁路1249号
君朋房地产咨询有限公司,生活服务,房屋地产,0.0,0.0,0.0,长宁路1027号305-306室
無印良品(龙之梦购物中心店),购物,更多购物场所,8.4,8.8,8.4,长宁路1018号龙之梦购物中心B2楼
尚品宅配(正大广场店),购物,家居建材,7.4,7.6,7.5,陆家嘴西路168号（近东方明珠）正大广场6楼
宜榕革鞋包护理,丽人,美甲美睫,7.2,7.2,7.2,陆家嘴西路168号正大广场B2层
ASICS(长宁龙之梦店),购物,运动户外,8.0,7.8,7.8,长宁路1018号龙之梦购物中心5楼
中心湖,周边游,景点,7.8,7.8,7.8,陆家嘴中心绿地内
too cool for school(龙之梦购物...,丽人,化妆品,7.1,7.3,6.9,长宁路1018号龙之梦购物中心1楼
阿罗哈私人影院,休闲娱乐,私人影院,0.0,0.0,0.0,长宁路988号花园大厦804室
海底世界毛绒玩具专卖,购物,食品茶酒,7.3,7.2,7.2,陆家嘴环路1388号陆家嘴水族馆内
烟草集团名烟名酒(汇川路店),购物,食品茶酒,0.0,0.0,0.0,汇川路128号
吃饭皇帝大(正大广场店),美食,其他,8.4,8.5,8.4,陆家嘴西路正大广场6楼
梓云居,休闲娱乐,茶馆,0.0,0.0,0.0,长宁路1188弄圣约翰会所内
咪哒mini K(正大广场大食代层),休闲娱乐,更多休闲娱乐,0.0,0.0,0.0,陆家嘴名商路
上海浦东香格里拉大酒店-洗手间,生活服务,厕所,0.0,0.0,0.0,富城路33号香格里拉大酒店紫金楼3楼
PANDORA(国金中心商场店),购物,珠宝饰品,8.3,8.0,7.3,世纪大道8号国金中心商场LG1层
VITAMIX食物料理机,购物,数码产品,7.1,7.0,7.0,世纪大道8号上海国金中心B2楼Citysuper超市内
新时空卉居酒店,酒店,经济型,7.5,7.7,7.7,汇川路99号新时空国际商务广场11楼1109室
柏斯琴行(龙之梦购物中心店),学习培训,音乐培训,6.7,6.7,6.5,长宁路1018号龙之梦购物中心8楼
三花奶奶的甜品(长宁来福士店),美食,面包甜点,8.1,8.1,7.9,中山西路263号
FOREST ROSE森林玫瑰(玫瑰坊店),购物,花店,9.2,9.3,9.3,长宁路890号玫瑰坊1楼
全家便利店(银城中路店),购物,超市/便利店,7.5,7.4,7.5,银城中路8号1楼
高尔夫商务学习,休闲娱乐,更多休闲娱乐,0.0,0.0,0.0,宁康路
圆通快递(凯旋路店),生活服务,物流快递,0.0,0.0,0.0,凯旋路152号
出租车上下客站,爱车,汽车租赁,0.0,0.0,0.0,陆家嘴西路168号贝儿多爸爸泡芙工房(东方明珠店)附近
弼马温养车网(陆家嘴店),生活服务,网站,0.0,0.0,0.0,陆家嘴路2967号富都滨江地下车库A区
凝聚力工程博物馆,周边游,展馆展览,7.9,8.1,7.6,长宁路878号
美车堂(国金中心店),爱车,汽车美容,0.0,0.0,0.0,世纪大道8号国金中心B1楼
延边韩国营养快餐专营店,美食,韩国料理,0.0,0.0,0.0,凯旋路536号
朝阳永续投资顾问公司,丽人,美发,0.0,0.0,0.0,丰和路1号港务大厦南楼6层
银座,购物,综合商场,0.0,0.0,0.0,世纪大道8号上海国金中心D座地下室2层LG2-B-5室
空手道(松涛馆流),运动健身,武术场馆,0.0,0.0,0.0,长宁路888弄15号兆丰嘉园会所B2
D.z Salon无痕接发潮店(中山公园...,丽人,美发,9.2,9.1,9.2,汇川路99号新时空广场15楼14号
SPEEDO(正大广场店),购物,运动户外,7.5,7.2,7.5,陆家嘴西路168号（近东方明珠）正大广场2楼
刘娟美甲沙龙(国金中心商场店),丽人,纹绣,9.1,9.0,9.2,世纪大道8号国金中心商场LG2层
家庭除螨公司(联翔分店),生活服务,公司企业,0.0,0.0,0.0,陆家嘴环路名商路
印尼黄金置地大厦,生活服务,商务楼,0.0,0.0,0.0,银城中路150号
朝日日语(中山公园中心),学习培训,留学,9.1,9.1,9.0,长宁路855号亨通国际大厦18楼
浦东香格里拉怡咖啡,美食,自助餐,7.9,8.6,8.2,富城路33号浦东香格里拉大酒店紫金楼2楼
红宁护理院,医疗健康,其他医疗,0.0,0.0,0.0,场景如凯旋路558号
SEPHORA(龙之梦购物中心店),购物,化妆品,6.8,7.3,5.9,长宁路1018号龙之梦购物中心1楼
野兽派,购物,花店,9.2,9.2,9.1,世纪大道8号上海国金中心LG1-13
老娘舅(长宁龙之梦店),美食,小吃快餐,6.8,6.3,6.4,华阳街道长宁路1018B龙之梦购物中心B2-02室
Link日语(中山公园中心店),学习培训,外语培训,8.5,8.2,8.4,长宁路969号兆丰花园1104室
Ritz Carlton Buffet,美食,自助餐,8.5,9.3,9.2,世纪大道8号国金中心丽思卡尔顿酒店52楼
花月(兆丰广场店),美食,烧烤,8.1,7.4,7.4,长宁路1027号兆丰广场B1层
商场地面除灰开荒保洁公司,生活服务,公司企业,0.0,0.0,0.0,定西路1313号
亿达软件新城管理有限公司,学习培训,职业技术,0.0,0.0,0.0,世纪大道8号国金中心二期
克林斯维(龙之梦店),生活服务,衣物/皮具洗护,0.0,0.0,0.0,长宁路1018号龙之梦购物中心内
国金汇公寓,生活服务,小区,0.0,0.0,0.0,世纪大道8号
祖蓝餐厅,美食,自助餐,7.5,9.0,8.3,长宁路1018号龙之梦万丽酒店26楼
极地体验馆,休闲娱乐,文化艺术,6.1,6.2,6.2,滨江大道2789号
菌临云海肴,美食,云南菜,0.0,0.0,0.0,长宁路1191号长宁来福士广场
高尔夫商务休闲学球,运动健身,高尔夫场,0.0,0.0,0.0,汇川路
韩国米饼,美食,韩国料理,6.8,6.8,6.8,陆家嘴环路1388号海洋水族馆1楼
炉匠炉端烧·酒(国金中心商场店),美食,日本菜,8.5,8.5,8.8,世纪大道8号国金中心商场4层
长宁路1302弄73支弄,生活服务,小区,0.0,0.0,0.0,长宁路1302弄73支弄19号
同济大学·眼科教学医院门诊,医疗健康,医院,7.0,7.0,7.0,汇川路18号
中国联通(陆家嘴营业厅),生活服务,通信营业厅,0.0,0.0,0.0,世纪大道55号世纪浮庭3层
崇彼南山 古琴洞箫国乐苑,学习培训,音乐培训,8.4,8.4,8.4,长宁路969号兆丰花园1405
国大药房(长成店),购物,药店,7.4,7.0,7.2,长宁路1302弄73支弄2号甲
蟹的岡田屋(正大广场店),美食,日本菜,9.1,9.1,9.0,陆家嘴西路168号5F26B
中国电信宽带,生活服务,通信营业厅,0.0,0.0,0.0,富城路25
cleanskin可丽颜皮肤管理中心,丽人,美容/SPA,9.3,9.3,9.4,汇川路99号新时空国际商务广场24楼2402室
观光隧道便利店,购物,超市/便利店,6.8,6.8,6.8,明珠塔路与规二路交叉口北100米
新元素餐厅(正大店),美食,西餐,7.5,8.1,7.6,陆家嘴西路168号正大广场1楼17-18号铺
巴西烤肉,美食,自助餐,7.2,7.2,7.2,凯旋路97号
高尔夫练习场精英培训中心,运动健身,高尔夫场,0.0,0.0,0.0,陆家嘴丰和路112号
上海易里酒店式公寓,酒店,四星级/高档型,6.9,6.8,7.0,长宁路889号
好乐迪(中山公园店),K歌,KTV,8.6,8.3,8.1,长宁路999号多媒体生活广场4楼
时间首页,医疗健康,体检中心,0.0,0.0,0.0,中国上海市长宁区长宁路723号
鱼非鱼(来福士店),美食,川菜,0.0,0.0,0.0,长宁路1123号长宁来福士
DHC(巴黎春天店),丽人,化妆品,7.6,7.5,7.4,长宁路823号巴黎春天1楼
印尼芭档饭(正大店),美食,东南亚菜,6.5,6.7,6.8,陆家嘴西路168号正大广场B2楼食代馆内
拼搏体育网球俱乐部(长宁路店),运动健身,网球场,0.0,0.0,0.0,汇川路99好新时空网球场8楼
日本银座Calla专业脱毛连锁机构(...,丽人,美容/SPA,9.2,9.3,9.3,长宁路855号亨通国际大厦7B
大众货车,生活服务,物流快递,0.0,0.0,0.0,陆家嘴环路
威资德信息技术有限公司,生活服务,商圈,0.0,0.0,0.0,西江湾路388号
明珠小区,生活服务,小区,0.0,0.0,0.0,汇川路400弄1050-1084号
凯撒旅游(正大广场店),生活服务,旅行社,0.0,0.0,0.0,陆家嘴西路168号B2层1A-05B
唐家饼专卖,购物,食品茶酒,0.0,0.0,0.0,陆家嘴西路168号正大广场B2楼
Cafe&Meal MUJI(中山公园龙之梦...,美食,面包甜点,7.2,7.8,7.5,长宁路1018号龙之梦购物中心B2
66大阪烧 串烧居酒屋,美食,日本菜,8.1,7.8,8.2,长宁路890号玫瑰坊二楼
PUMA彪马(龙之梦购物中心店),购物,运动户外,7.2,7.2,7.2,长宁路1018号龙之梦购物中心5楼
花舞花艺设计馆(汇川路鲜花店),购物,花店,0.0,0.0,0.0,汇川路68号
合景房地产,生活服务,房屋地产,0.0,0.0,0.0,银城中路68号
祖蓝餐厅,美食,西餐,7.5,9.0,8.3,长宁路1018号龙之梦万丽酒店26楼
好乐迪-停车场,爱车,停车场,0.0,0.0,0.0,汇川路
翰林印务,生活服务,快照/冲印,0.0,0.0,0.0,安化路462-6号临
鑫雄搬场服务有限公司,生活服务,搬家,0.0,0.0,0.0,陆家嘴西路168号正大广场
潘多拉Hair salon(中山公园店),丽人,美发,9.3,9.1,9.3,长宁路988号花园大厦3楼302
wakeup(龙之梦购物中心店),购物,眼镜店,6.6,6.7,6.6,长宁路1018号龙之梦购物中心3楼
中国国旅(银城中路分部),生活服务,旅行社,0.0,0.0,0.0,花园石桥路66号
NOBLE,购物,家居建材,0.0,0.0,0.0,陆家嘴环路1318号星展银行大厦20楼
高尔夫练习场初学课程(仙霞),运动健身,高尔夫场,0.0,0.0,0.0,凯旋路500号
星巴克(国金中心店),美食,咖啡厅,7.6,7.4,7.3,世纪大道8号上海国金中心D座商场裙房B2层LG2-29室
宁康小区,生活服务,小区,0.0,0.0,0.0,长宁路1302弄73支弄
金茂君悦大酒店健身中心,运动健身,健身中心,0.0,0.0,0.0,世纪大道88号金茂君悦大酒店57楼
淡路房地产经纪有限公司,生活服务,房屋地产,0.0,0.0,0.0,凯旋路166号凯旋坊9号楼1层
美车堂(正大广场B3店),爱车,维修保养,0.0,0.0,0.0,陆家嘴西路168号正大广场B3层B301
天家·金枪鱼世家(国金中心商场...,美食,日本菜,7.7,7.6,7.5,世纪大道8号国金中心商场4层
薇妮海鲜烧烤,美食,海鲜,7.1,7.1,7.0,正大广场8楼
上海小南国(正大广场店),美食,本帮江浙菜,7.5,7.9,7.1,陆家嘴西路168号（近东方明珠）正大广场9楼
舒施雅SPA养生会所,休闲娱乐,足疗按摩,0.0,0.0,0.0,银城中路200号中银大厦6楼(近延安路隧道浦东出口处）地铁2号线陆家嘴站3号出口直达
MR PANCAKE 松饼先生(玫瑰坊店),美食,西餐,7.9,8.1,7.6,汇川路168号玫瑰坊1层
宽巷子,美食,川菜,6.9,6.8,7.1,长宁路1018号龙之梦7楼7076号
山西信托,生活服务,通信营业厅,0.0,0.0,0.0,世纪大道8号
国太私人航空,生活服务,售票点,0.0,0.0,0.0,世纪大道88号金茂时尚生活中心1层
苹果三星手机维修服务中心(长宁...,生活服务,手机维修,0.0,0.0,0.0,长宁路1251号
爱方家政服务,生活服务,家政,0.0,0.0,0.0,长宁路1120弄60号104室边门
柚子(陆家嘴店),美食,日本菜,8.4,9.0,8.3,陆家嘴环路1000号恒生大楼46楼
网信理财,生活服务,更多生活服务,0.0,0.0,0.0,陆家嘴环路未来资产大厦10c
中国银行ATM,生活服务,银行,0.0,0.0,0.0,长宁路1033号
凯宾斯基大堂酒吧,美食,面包甜点,8.0,8.4,8.7,陆家嘴环路1288号
哈根达斯(正大店),休闲娱乐,咖啡厅,7.6,7.5,7.4,陆家嘴西路168号正大广场一层GF31室
史云逊健发中心(正大店),丽人,美发,7.3,7.4,7.4,陆家嘴西路168号正大广场B1楼23A号铺
越狱刺青(中国纹身名店),丽人,纹身,9.5,9.5,9.5,凯旋路518号，汇川路6号隔壁
新佰伦(国金中心店),购物,运动户外,7.4,7.2,7.2,世纪大道8号国金中心IFC商场B1楼
彩云朵云南小馆(龙之梦购物中心...,美食,云南菜,7.7,8.1,7.8,长宁路1018号龙之梦购物中心7楼
高尔夫球技提升课培训,休闲娱乐,更多休闲娱乐,0.0,0.0,0.0,世纪大道银城中路
国金中心1期,生活服务,商务楼,0.0,0.0,0.0,世纪大道8号
咪哒,K歌,录音棚,7.8,8.0,7.1,长宁路1018号长宁龙之梦购物中心4楼
上海多媒体产业园会展中心,电影演出赛事,演出场馆,0.0,0.0,0.0,长宁路1027号上海多媒体产业园6层
NOW&THEN COFFEE时尔咖啡(中山龙...,休闲娱乐,咖啡厅,7.7,7.6,8.2,长宁路1018号龙之梦2楼
港你知(香港旅游),周边游,旅游其他,0.0,0.0,0.0,宣化路300号华宁国际广场南塔2104
富罟河豚料理(正大广场店),美食,日本菜,8.5,9.1,9.0,陆家嘴西路正大广场168号5F
重庆小面(玫瑰坊店),美食,面馆,7.2,7.2,7.3,长宁路890号玫瑰坊B2楼
旺池川菜(正大广场店),美食,川菜,8.4,8.4,8.3,陆家嘴西路168号（近东方明珠）正大广场7楼
喜眠(长宁龙之梦),购物,亲子购物,0.0,0.0,0.0,长宁路1018号长宁龙之梦6楼
滨江公园南滨江停车库,爱车,停车场,0.0,0.0,0.0,滨江大道2967号滨江公园内
佐康专业祛痘(中山公园店),丽人,祛痘,8.1,8.1,8.1,汇川路99号新时空广场2613
1001noodle life,美食,台湾菜,0.0,0.0,0.0,长宁路1018附近
撒椒(中山公园龙之梦店),美食,川菜,7.7,8.4,8.1,长宁路1018号
宠宠宠物(中山公园店),宠物,宠物店,7.8,7.7,7.7,安化路527号
上海国际会议中心停车库,爱车,停车场,0.0,0.0,0.0,滨江大道2789号附近
中国电信宽带部,生活服务,通信营业厅,0.0,0.0,0.0,银城中路107
1617Cafe(玫瑰坊店),美食,咖啡厅,8.2,8.7,8.3,长宁路890号玫瑰坊1楼
浦东丽思卡尔顿酒店-洗手间,生活服务,厕所,0.0,0.0,0.0,陆家嘴世纪大道8号上海国金中心
叫只蟹阳澄湖大闸蟹(长宁中心),美食,蟹宴,0.0,0.0,0.0,多媒体生活广场B301
蕉下banana,购物,更多购物场所,6.8,7.1,6.8,正大广场5楼48B
古记爬爬虾,美食,川菜,6.9,6.9,6.9,涪陵区滨江大道二段黄金海岸4栋208门面
粉越西贡,美食,东南亚菜,7.6,8.4,8.1,长宁路1018号龙之梦购物中心6楼
simply thai天泰餐厅(国金中心商...,美食,东南亚菜,8.2,8.7,7.9,世纪大道8号国金中心商场4层
HERMES(国金中心商场店),购物,珠宝饰品,9.1,9.1,7.7,世纪大道8号国金中心商场1层
桂花楼,美食,本帮江浙菜,7.6,8.4,7.9,富城路33号香格里拉大酒店浦江楼1楼
塔罗V心灵坊,学习培训,更多教育培训,8.4,8.4,8.4,长宁路1277弄中山公寓
面屋武藏(国金中心商场店),美食,日本菜,8.2,7.7,7.7,世纪大道8号国金中心商场LG2层
外星人电脑(长宁苏宁旗舰店),购物,数码产品,7.9,7.9,7.5,长宁路999号兆丰广场一层苏宁外星人店
18B,购物,花店,0.0,0.0,0.0,长宁路890号玫瑰坊1楼18B室
多其丽酵素(长宁店),医疗健康,药店,0.0,0.0,0.0,愚园路1435号
千里香馄饨王,美食,其他,7.1,6.9,6.9,汇川路10弄2-10号
Jurlique(国金中心商场店),丽人,化妆品,7.9,8.0,7.5,世纪大道8号国金中心商场LG1层
皇玺酒店,美食,海鲜,7.3,7.5,7.3,陆家嘴环路上海国金中心商场内
いば昇《昇鰻魚家》(中山公园店),美食,日本菜,8.5,7.8,7.7,中山公园玫瑰坊2楼
Step Up舞蹈工作室,丽人,舞蹈,0.0,0.0,0.0,长宁路780号中山公园内
心飞悦个人形象设计(中山公园店),学习培训,兴趣生活,0.0,0.0,0.0,汇川路76号龙之梦商业广场24楼
新时空卉居酒店,酒店,商务酒店,7.5,7.7,7.7,汇川路99号新时空国际商务广场11楼1109室
meetlove 遇到爱花店(陆家嘴环路...,购物,花店,0.0,0.0,0.0,陆家嘴环路1218号铺
蒙恩汽车服务,爱车,汽车美容,0.0,0.0,0.0,凯旋路526号
htc,休闲娱乐,游乐游艺,0.0,0.0,0.0,长宁路1018号龙之梦购物中心B2层
重庆小面(小马路商场店),美食,面馆,0.0,0.0,0.0,长宁路820号小马路商场B1层
机器人商店(时代金融中心),购物,超市/便利店,0.0,0.0,0.0,银城中路68号1楼北门
BANGOLUFSEN(国金中心店),购物,家居建材,0.0,0.0,0.0,银城中路国金中心商场内
MAC,丽人,化妆品,5.7,5.5,5.1,汇川路68号
SpringFlorist(国金中心店),生活服务,花店,7.6,7.6,7.3,世纪大道8号国金中心商场B2楼LG2号
FANCY FRUIT(来福士店),美食,面包甜点,7.2,7.6,7.6,长宁路1189号来福士广场6楼
花舞花艺设计馆(汇川路鲜花店),生活服务,花店,0.0,0.0,0.0,汇川路68号
思妍丽(正大广场店),丽人,美容/SPA,8.0,8.7,8.1,陆家嘴西路168号（近东方明珠）正大广场7楼
香格里拉大堂酒廊(富城路店),休闲娱乐,咖啡厅,7.0,7.7,7.2,富城路33号香格里拉大酒店浦江楼1楼
周生生珠宝(长宁龙之梦店),购物,珠宝饰品,0.0,0.0,0.0,长宁路1018号龙之梦购物中心1楼红中庭
万来甘栗(国金店),购物,食品茶酒,7.1,7.2,7.2,世纪大道8号上海国金中心LG2楼city'super内
兆丰多媒体广场路面和地下车库,爱车,停车场,0.0,0.0,0.0,长宁路1027号
海逸海鲜(滨江店),美食,海鲜,8.2,8.5,7.9,滨江大道2450号
卞卡彩妆,丽人,美甲美睫,0.0,0.0,0.0,陆家嘴街道正大广场2楼
翠华餐厅(正大广场店),美食,粤菜,7.4,7.4,6.9,陆家嘴西路168号正大广场6楼
一兆韦德健身(圣约翰店),运动健身,游泳馆,0.0,0.0,0.0,长宁路1188弄圣约瀚名邸小区8号楼B1
摩拜健身工作室,运动健身,健身中心,0.0,0.0,0.0,定西路1279弄名光大厦1603层
金茂大厦宾馆,酒店,经济型,0.0,0.0,0.0,陆家嘴
奢家二手奢侈品回收寄卖(中山公...,生活服务,衣物/皮具洗护,0.0,0.0,0.0,长宁路1018号龙之梦大厦2421B室
鹿港小镇(星展店),美食,台湾菜,7.5,7.3,7.1,陆家嘴环路1318号星展银行大厦B1楼06室
新膳海铁板烧(兆丰广场店),美食,烧烤,7.3,7.0,7.0,长宁路1027号兆丰广场B1层
第二轻工业学校(武夷分部),学习培训,教育院校,0.0,0.0,0.0,武夷路519弄16号
正斗粥面专家(国金中心店),美食,粤菜,7.7,7.5,7.3,世纪大道8号上海国金中心D座L3楼L3-9室
上海新时空鑫源酒店式公寓(中山...,酒店,公寓式酒店,6.9,6.9,6.9,汇川路99号新时空国际大厦11楼1108室
三地鼠VR虚拟现实影吧体验馆,休闲娱乐,VR,0.0,0.0,0.0,长宁路982号花园大厦东楼403室
叶家花卉(叶家花卉龙之梦店),购物,更多购物场所,7.8,7.8,7.8,长宁路1018号
长宁公证处,生活服务,政府机构,0.0,0.0,0.0,长宁路1055号汇都大楼5层
亦蓁母婴(正大广场店),丽人,瘦身纤体,0.0,0.0,0.0,陆家嘴西路168号正大广场6层
鼎泰丰(上海国金中心店),美食,小吃快餐,8.2,8.2,8.4,世纪大道8号上海国金中心D座LG1-17座
顺丰速运服务中心,生活服务,物流快递,0.0,0.0,0.0,世纪大道8号国金中心商场LG2
l'Herboflore,美食,其他,6.9,6.9,6.9,长宁路1018号
瑾萱花屋(陆家嘴店),购物,花店,9.0,9.0,9.1,陆家嘴世纪大道8号上海国金F1
bar 悠,休闲娱乐,酒吧,0.0,0.0,0.0,中山公园定西路
Dragonfly 悠庭(国金中心商场店),休闲娱乐,足疗按摩,0.0,0.0,0.0,世纪大道8号国金中心商场LG2层
innisfree(龙之梦购物中心店),丽人,化妆品,7.7,7.9,7.2,长宁路1018号龙之梦购物中心1楼
雷朋,购物,眼镜店,7.2,7.2,7.2,正大广场三楼
和府捞面(中山龙之梦店),美食,小吃快餐,8.0,8.1,8.2,长宁路1018号龙之梦购物中心6楼
正大广场 8楼自助餐,美食,自助餐,0.0,0.0,0.0,陆家嘴西路168号
杏园堂(中山公园店),休闲娱乐,足疗按摩,0.0,0.0,0.0,定西路1277号长峰大厦1301室
艾为家家具配送,生活服务,物流快递,0.0,0.0,0.0,域浦东新区11号
Shanghai Flowers Line上海花行(...,生活服务,花店,7.7,7.7,7.7,世纪大道8号国金中心B1
shuttle bus,生活服务,交通,0.0,0.0,0.0,富城路33号
天宇印章(世纪大道店),生活服务,快照/冲印,0.0,0.0,0.0,世纪大道83号
户外烧烤食材(中山公园店),美食,烧烤,0.0,0.0,0.0,上海长宁区长宁路780号
张玉珊修身堂(中山公园龙之梦店),丽人,美容/SPA,8.8,8.4,8.9,长宁路1018号龙之梦购物中心9楼
新视界眼科医院,生活服务,医院,6.6,6.7,7.0,汇川路18号
鲁肉范(正大广场店),美食,台湾菜,7.9,7.7,7.6,陆家嘴西路168号（近东方明珠）正大广场B2楼
末那寿司(玫瑰坊店),美食,日本菜,9.0,7.9,8.4,长宁路890号玫瑰坊2楼
哥伦布,购物,品牌折扣店,0.0,0.0,0.0,陆家嘴西路168号
人气微整形医院,医疗健康,整形,0.0,0.0,0.0,凯旋路399号
欧隆酒窖,购物,食品茶酒,7.6,7.8,7.6,安化路472号
高尔夫3998入门课程教练教学,休闲娱乐,更多休闲娱乐,0.0,0.0,0.0,汇川路
周大福(长宁路巴黎春天店),购物,珠宝饰品,0.0,0.0,0.0,长宁路823号新宁购物中心一楼周大福专柜
一夕青年旅舍(中山公园店),酒店,更多酒店住宿,7.1,7.1,7.2,长宁路1120弄62号
Ocean Grounds(长宁来福士店),美食,西餐,7.6,8.1,7.8,长宁路来福士广场E01-49教堂旁
中银大厦,生活服务,商务楼,0.0,0.0,0.0,银城中路200号
天承国际旅行社(世纪大道店),生活服务,旅行社,0.0,0.0,0.0,世纪大道1号
TANG WU(玫瑰坊),运动健身,射箭馆,0.0,0.0,0.0,长宁路890号B1层B1-32
麻辣香锅(兆丰广场店),美食,川菜,6.9,6.8,6.8,长宁路1027号兆丰广场B1层
黄兴高尔夫教练指导课,运动健身,高尔夫场,0.0,0.0,0.0,陆家嘴西路
TPlus茶家(安化路店),美食,面包甜点,8.5,9.0,8.7,安化路492-2号
埋线减肥针灸减肥&韩式定妆眉,丽人,美容/SPA,9.1,9.1,9.2,万航渡路2088弄
王师傅私房牛肉面(中山公园店),美食,小吃快餐,7.9,7.6,7.6,长宁路999号多媒体广场B1佳吉美食街内
葆春堂,休闲娱乐,足疗按摩,0.0,0.0,0.0,定西路1277号长峰大厦18楼1807室
极地体验馆,周边游,展馆展览,6.1,6.2,6.2,滨江大道2789号
JUN之舞者舞蹈工作室,运动健身,舞蹈,0.0,0.0,0.0,长宁路855号14楼C座
Mothercare(正大广场店),购物,亲子购物,0.0,0.0,0.0,陆家嘴西路168号（近东方明珠）正大广场6楼
薇妮海鲜烧烤,美食,烧烤,7.1,7.1,7.0,正大广场8楼
东南数理化(长宁校区),学习培训,升学辅导,7.4,7.4,7.2,长宁路近汇川路
贝多芬广场,购物,综合商场,7.0,7.0,6.9,长宁路1158号
百年沧桑陈列馆,周边游,展馆展览,6.9,6.9,6.9,东外滩历史发展陈列馆
做头.潮牌salon(史云逊正大店),丽人,美发,8.4,8.9,8.5,陆家嘴西路168号正大广场B1楼23A号铺
亮视点(龙之梦购物中心店),购物,眼镜店,7.7,7.5,7.6,长宁路1018号龙之梦购物中心2楼
中国银行BANK OF CHINA(小马路商...,生活服务,更多生活服务,0.0,0.0,0.0,长宁路820号小马路商场B1层
汇佳娱乐(汇佳桌游中山公园店),休闲娱乐,游乐游艺,0.0,0.0,0.0,长宁路988号花园大厦6楼
明翼舞蹈会所(正大广场店),丽人,舞蹈,0.0,0.0,0.0,陆家嘴西路168号7楼
MUJI无印良品(正大广场店),购物,更多购物场所,7.9,7.8,7.4,陆家嘴西路168号（近东方明珠）正大广场4楼
来福士广场商务楼,生活服务,商务楼,0.0,0.0,0.0,长宁路1139号
鹅夫人(中山公园店),美食,粤菜,7.9,8.5,8.3,长宁路1018号中山公园龙之梦6F
DoctorCheng健身工作室,运动健身,健身中心,0.0,0.0,0.0,凯旋路166号凯旋坊3号楼1楼A座
龚记高汤馄饨(定西路店),美食,小吃快餐,7.5,7.7,7.4,定西路1309号
汇佳娱乐(汇佳桌游中山公园店),休闲娱乐,VR,0.0,0.0,0.0,长宁路988号花园大厦6楼
翔龙旅行社(世纪大道店),生活服务,旅行社,0.0,0.0,0.0,浦东世纪大道1号
LAMY(国金中心旗舰店),购物,办公/文化用品,7.8,7.7,6.9,世纪大道8号国金中心LG1-86
清静道-祛痘美颜抗衰肤研所(长宁...,丽人,祛痘,8.6,8.5,8.9,长宁路988号花园大厦11楼D座
边境东南亚小吃(中山公园龙之梦),美食,云南菜,0.0,0.0,0.0,中山公园长宁路1018号
科瓦齿科(上海金茂大厦店),医疗健康,齿科,9.1,9.2,9.2,世纪大道88号金茂大厦裙房时尚生活中心s10-s19
阳澄湖大闸蟹,美食,海鲜,0.0,0.0,0.0,名商路3号
恋甲美甲美睫,丽人,美甲美睫,9.4,9.4,9.4,汇川路99号新时空国际商务广场28楼2813室
轻手工手作工坊,休闲娱乐,DIY手工坊,0.0,0.0,0.0,长宁路969号兆丰花园1107室
东方书报亭,生活服务,更多生活服务,0.0,0.0,0.0,汇川路170号附近
中国金融信息中心 食堂,美食,其他,6.7,7.0,6.7,东园路18号
花音集(龙之梦店),购物,花店,7.8,7.9,7.8,长宁路1018号龙之梦购物中心B1F
帅哥spa,休闲娱乐,足疗按摩,0.0,0.0,0.0,陆家嘴环路1314号
环球猎奇馆,周边游,展馆展览,7.8,7.9,7.5,滨江大道2789号外滩观光隧道B2楼
中华号浦江游览,生活服务,旅行社,0.0,0.0,0.0,世纪大道1号东方明珠游船码头
北海道料理ふる郷(兆丰广场店),美食,日本菜,7.7,7.5,7.5,长宁路999号兆丰广场B1层
LOHO眼镜生活(浦东正大广场店),购物,眼镜店,7.3,7.6,7.6,陆家嘴西路168号正大广场5F48E
菁英房地产经纪有限公司(长宁路...,生活服务,房屋地产,0.0,0.0,0.0,长宁路1267号底商
国联安基金管理有限公司,丽人,美容/SPA,7.6,7.6,7.6,陆家嘴环路1318号星展银行大厦9楼
Nike Kids(龙之梦店),购物,亲子购物,0.0,0.0,0.0,长宁路1018号龙之梦购物中心6楼
汇都大楼,生活服务,商务楼,0.0,0.0,0.0,长宁路969号
nike 长宁来福士,购物,运动户外,7.8,7.8,8.0,中山西路265号
Fuel Espresso,休闲娱乐,咖啡厅,8.4,8.4,8.3,世纪大道8号国金中心商场2楼44号
满记甜品(龙之梦购物中心店),美食,面包甜点,7.6,7.0,7.1,长宁路1018号龙之梦购物中心3楼
爱回收网线下门店(龙之梦购物中...,生活服务,回收,0.0,0.0,0.0,长宁路1018号龙之梦购物中心2楼
盛宣笔记本电脑维修中心,生活服务,电脑维修,0.0,0.0,0.0,定西路1279号名光大厦24楼D室
TISSOT(龙之梦购物中心店),购物,珠宝饰品,7.4,7.3,7.2,长宁路1018号龙之梦购物中心1楼
泰极泰国餐厅(龙之梦购物中心店),美食,东南亚菜,7.6,8.0,7.9,长宁路1018号龙之梦购物中心6楼
市民体质监测指导中心,医疗健康,其他医疗,0.0,0.0,0.0,武夷路777号
浦东金桥高尔夫培训中心,休闲娱乐,更多休闲娱乐,0.0,0.0,0.0,世纪大道55号
高老师 小学 语文 补习班,学习培训,升学辅导,0.0,0.0,0.0,上海长宁区长宁路780号
欧莱雅私人定制(上海中山公园店),丽人,美发,9.0,9.0,9.0,汇川路99号新时空1714室
青竹修雅舞蹈工作室,学习培训,更多教育培训,7.3,7.3,7.3,安化路500号二楼
新时空乐嘉酒店式公寓,酒店,三星级/舒适型,6.7,6.8,6.8,汇川路99号新时空商务国际广场1223室
喜贝外烩餐饮,美食,自助餐,0.0,0.0,0.0,陆家嘴西路正大广场6F
张玉珊修身堂(中山公园龙之梦店),丽人,瘦身纤体,8.8,8.4,8.9,长宁路1018号龙之梦购物中心9楼
Apple Store(浦东国金中心商场店...,购物,数码产品,8.5,8.4,7.8,世纪大道8号国金中心IFC商场LG2-27号店铺
HERMES(国金中心商场店),购物,服饰鞋包,9.1,9.1,7.7,世纪大道8号国金中心商场1层
Tiger Bar,休闲娱乐,酒吧,0.0,0.0,0.0,凯旋路164号2楼天台
宝岛眼镜(上海浦东正大广场店),购物,眼镜店,8.7,8.8,8.5,陆家嘴西路168号正大广场B1F05
新华国际旅行社有限公司(陆家嘴...,生活服务,旅行社,0.0,0.0,0.0,陆家嘴环路1388号上海海洋水族馆
凯旋坊-东门,生活服务,商务楼,0.0,0.0,0.0,凯旋路166号
翡翠拉面小笼包(正大广场店),美食,面馆,7.2,7.5,7.5,陆家嘴西路168号（近东方明珠）正大广场8楼
ORIGINS(龙之梦购物中心店),丽人,化妆品,7.9,8.0,7.8,长宁路1018号龙之梦购物中心1楼
Cityshop,美食,其他,6.6,6.6,6.6,陆家嘴
上海浦东丽思卡尔顿酒店,酒店,高端酒店,9.3,9.2,9.1,陆家嘴世纪大道8号国金中心
高尔夫零基础教学,运动健身,高尔夫场,0.0,0.0,0.0,陆家嘴环路
时间首页,生活服务,体检中心,0.0,0.0,0.0,中国上海市长宁区长宁路723号
哈鲁雅洗衣有限公司,生活服务,衣物/皮具洗护,0.0,0.0,0.0,陆家嘴环路1000号恒生银行大厦3层H
洪源刻印章店,生活服务,快照/冲印,0.0,0.0,0.0,陆家嘴西路168号正大广场1楼
毕真,美食,韩国料理,0.0,0.0,0.0,中山公园龙之梦7楼
长宁水果销售中心,购物,水果生鲜,0.0,0.0,0.0,长宁路1088号
兆丰嘉园,生活服务,小区,0.0,0.0,0.0,长宁路888弄后弄1-18号汇川路300弄550-584号
秋田小町大米,美食,其他,7.0,7.0,7.0,陆家嘴西路168号正大广场B2层
Mikimoto(国金中心店),购物,珠宝饰品,0.0,0.0,0.0,世纪大道8号L1-33
韩国首尔,美食,韩国料理,6.9,6.9,6.9,地铁二号线中山公园站
弄堂里(龙之梦购物中心店),美食,本帮江浙菜,7.7,8.1,7.6,长宁路1018号龙之梦购物中心8楼
teenie weenie cafe(正大广场店),休闲娱乐,咖啡厅,7.2,8.1,7.3,陆家嘴西路168号（近东方明珠）正大广场2楼
NOBLE(正大广场),购物,花店,0.0,0.0,0.0,陆家嘴西路168号B2层
赤坂小亭(长宁龙之梦店),美食,日本菜,7.9,7.9,8.2,长宁路1018号龙之梦购物中心7楼7204-7205号
雷神笔记本电脑售后中心(陆家嘴...,生活服务,电脑维修,0.0,0.0,0.0,陆家嘴环路628号
e plaza(龙之梦购物中心),酒店,更多酒店住宿,0.0,0.0,0.0,长宁路1018号F2层
伊蒂小屋(长宁龙之梦店),购物,化妆品,7.5,7.4,7.0,长宁路1018号长宁龙之梦购物中心
望湘园(长宁龙之梦店),美食,湘菜,7.5,7.4,7.2,长宁路1018号龙之梦购物中心5楼
凯欣豪园公寓(阿卑斯中山公园2店...,酒店,经济型,0.0,0.0,0.0,汇川路88号凯欣豪园御苑小区
葆春堂,休闲娱乐,中医养生,0.0,0.0,0.0,定西路1277号长峰大厦18楼1807室
中国银行ATM,生活服务,银行,0.0,0.0,0.0,富城路33号浦东香格里拉大酒店浦江楼1层
因公出国(境)人员安全防范宣教中...,学习培训,更多教育培训,0.0,0.0,0.0,港务大厦东楼3层
aojo,购物,眼镜店,7.1,7.1,6.9,正大广场
国金中心商场,购物,综合商场,9.2,9.2,9.1,世纪大道8号
Tapas Yoga,运动健身,舞蹈,0.0,0.0,0.0,定西路1277号长峰大厦502A室
高和海德公寓,酒店,商务酒店,6.9,7.3,7.0,长宁路833号新宁购物中心内
鼎鼎报局,生活服务,网站,0.0,0.0,0.0,陆家嘴中心绿地内
港丽餐厅(正大店),美食,粤菜,7.4,7.6,6.8,陆家嘴西路168号正大广场7楼08A号铺
男洗手间,生活服务,厕所,0.0,0.0,0.0,长宁路1027号999兆丰广场B1
Kate spade new york,周边游,景点,0.0,0.0,0.0,世纪大道8号上海国金中心商场B1层
沙发干洗地毯青洗公司,生活服务,公司企业,0.0,0.0,0.0,陆家嘴西路99号万向大厦附近
曹诺-亚洲钢管舞(上海总店),丽人,舞蹈,0.0,0.0,0.0,凯旋路166号-1楼中山公园龙之梦汇川路大门
屋里香(龙之梦购物中心店),购物,食品茶酒,7.1,7.1,7.1,长宁路1018号龙之梦购物中心B2楼B1710
普丽Simply Smooth专业脱毛中心(...,丽人,美容/SPA,9.2,9.2,9.3,汇川路99号，新时空国际商务广场30楼3001室
陆家嘴空中步行连廊,周边游,景点,8.3,7.2,7.3,陆家嘴西路168号正大广场旁
爱心献血屋(长宁路店),生活服务,更多生活服务,0.0,0.0,0.0,长宁路895号1楼东侧
爱情不怕辣(龙之梦购物中心店),美食,川菜,8.6,8.7,8.5,长宁路1018号龙之梦购物中心6楼
国美电器(长宁路店),购物,家居建材,6.7,6.2,6.0,长宁路986号
Charles & Keith(龙之梦购物中心...,购物,服饰鞋包,8.0,8.1,7.9,长宁路1018号龙之梦购物中心2楼
淳味王麻辣香锅(中山公园店),美食,川菜,7.2,6.8,6.9,长宁路999号中山公园光一百货吉佳美食广场
宅急送,生活服务,物流快递,0.0,0.0,0.0,定西路
时代高尔夫仙霞练习场体验,运动健身,高尔夫场,0.0,0.0,0.0,长宁路969号
长三幼儿园,生活服务,更多生活服务,0.0,0.0,0.0,武夷路709弄28号
亚航大巴Airasia,生活服务,交通,0.0,0.0,0.0,陆家嘴188号
爱君家政(上海总部店),生活服务,家政,0.0,0.0,0.0,长宁路982号4楼E座
仰望包角布(正大广场店),美食,小吃快餐,6.8,7.1,7.2,陆家嘴环路正大广场B2
喵星球猫咪咖啡馆,美食,咖啡厅,7.6,8.0,8.6,定西路1279弄名光大厦2305室
渝乡人家(陆家嘴店),美食,川菜,6.6,7.0,6.2,陆家嘴西路168号正大广场8楼04-1号
兆丰广场,购物,综合商场,6.8,6.5,6.7,长宁路1027号
专业家庭式繁殖宠物猫,宠物,宠物店,7.8,7.8,7.8,地铁2号线陆家嘴站
圣玛利亚女校,周边游,景点,6.9,6.9,6.9,长宁路1187号
韩式花艺,生活服务,花店,7.6,7.6,7.6,陆家嘴环路
市中凯旋路停车场,爱车,停车场,0.0,0.0,0.0,凯旋路193号
独一桌,美食,蟹宴,6.9,6.9,6.9,长宁路1277弄中山公寓2号104室
Times golf 体验课活动(教练指导...,运动健身,高尔夫场,0.0,0.0,0.0,陆家嘴名商路
龙之梦影城,电影演出赛事,电影院,0.0,0.0,0.0,长宁路1018号龙之梦购物中心9楼
上海银行atm,生活服务,银行,0.0,0.0,0.0,陆家嘴西路168号卜蜂莲花正大广场B2层
中金国泰控股集团有限公司,购物,家居建材,0.0,0.0,0.0,世纪大道8号国金中心二期6层
神州数码dc·space智慧生活体验...,购物,数码产品,0.0,0.0,0.0,陆家嘴西路168号正大广场
亨达利名表维修中心(正大店),生活服务,居家维修,0.0,0.0,0.0,陆家嘴西路168号
娇韵诗美妍中心(国金中心店),丽人,美容/SPA,7.3,7.4,7.1,世纪大道8号国金中心商场D座LG1-60
瑞贝卡时尚假发(龙之梦购物中心...,购物,化妆品,7.8,7.7,7.6,长宁路1018号龙之梦购物中心2楼
Twinings川宁餐厅,美食,西餐,8.4,9.0,8.7,陆家嘴西路168号正大广场三楼25号
家电制冷维修(宁康小区东南),生活服务,家电维修,0.0,0.0,0.0,长宁路1302弄73支弄2-2
时代金融中心,生活服务,商务楼,0.0,0.0,0.0,银城中路68号
宜家酒店公寓(汇川路店),酒店,经济型,7.4,8.1,7.5,汇川路99号新时空国际商务广场722室
廊亦舫酒楼(正大广场店),美食,本帮江浙菜,7.3,7.6,6.9,陆家嘴西路168号（近东方明珠）正大广场5楼
上海海洋水族馆,周边游,动植物园,6.8,6.8,5.9,陆家嘴环路1388号
天职国际(上海会计师事务所),生活服务,公司企业,0.0,0.0,0.0,丰和路1号港务大厦南楼21层、北楼14层
链家(来福士店),生活服务,房屋地产,0.0,0.0,0.0,长宁路1277弄23号204室、1271号底层和1269号
席融集团,学习培训,升学辅导,0.0,0.0,0.0,陆家嘴街道陆家嘴环路166号未来资产大厦7楼7A
HOLA(长宁龙之梦店),购物,家居建材,7.4,7.6,7.1,长宁路1018号龙之梦购物中心5楼黄中庭
HTC客户服务中心,生活服务,公司企业,0.0,0.0,0.0,路1269-1271号
妙坤翻译有限公司,生活服务,公司企业,0.0,0.0,0.0,汇川路88号
宜家酒店公寓(汇川路店),酒店,公寓式酒店,7.4,8.1,7.5,汇川路99号新时空国际商务广场722室
埋线减肥针灸减肥&韩式定妆眉,丽人,瘦身纤体,9.1,9.1,9.2,万航渡路2088弄
凯欣豪园,生活服务,小区,0.0,0.0,0.0,汇川路88弄
德佑地产(长宁店),生活服务,房屋地产,0.0,0.0,0.0,长宁路1291号
Juice Yoga 孕妇瑜伽(长妇幼店),运动健身,瑜伽,0.0,0.0,0.0,路易·凯旋宫34号2403室
上海贝尔特酒店,酒店,商务酒店,7.7,7.9,7.7,定西路1525号
IMPROVING 启造型(中山公园店),丽人,美发,9.1,9.1,9.1,长宁路988号花园大厦504室
真爱水疗会所,休闲娱乐,更多休闲娱乐,0.0,0.0,0.0,汇川路1250号
美车堂(中山公园店),爱车,汽车美容,0.0,0.0,0.0,长宁路1018号龙之梦购物中心B3楼停车场
进口食品(兆丰广场店),购物,食品茶酒,0.0,0.0,0.0,长宁路1027号兆丰广场B1层
LOUIS VUITTON(上海国金中心旗舰...,购物,服饰鞋包,9.1,9.1,7.8,世纪大道8号国金中心商场D座1楼L1-1商铺
王师傅私房牛肉面(中山公园店),美食,面馆,7.9,7.6,7.6,长宁路999号多媒体广场B1佳吉美食街内
浦发银行(长宁支行营业部),生活服务,银行,0.0,0.0,0.0,长宁路855号
上海宣传画艺术中心,休闲娱乐,文化艺术,0.0,0.0,0.0,陆家嘴9号
PARKWAY HEALTH,医疗健康,其他医疗,6.9,6.9,6.9,世纪大道88号金茂大厦裙楼1楼
茜尔维亚产后修身连锁(中山公园...,丽人,产后塑形,0.0,0.0,0.0,凯旋路166号凯旋坊创意园8幢1楼C座（曹杨 大华 北新泾 静安寺）
胃肠医院,生活服务,公司企业,0.0,0.0,0.0,凯旋路554号
COSTA COFFEE(汇丰银行店),美食,咖啡厅,6.8,7.0,6.8,陆家嘴世纪大道8号上海国金中心汇丰银行大楼
老弄堂上海菜,美食,本帮江浙菜,7.2,7.2,6.9,银城西路
美佳林桑拿保健水磨会所,休闲娱乐,足疗按摩,0.0,0.0,0.0,汇川路99号电联附近
上海太极拳馆(上海太极拳中山公...,运动健身,武术场馆,0.0,0.0,0.0,长宁路855号亨通国际大厦14楼C座
中国瑜伽联盟上海教练总部(长宁...,运动健身,瑜伽,0.0,0.0,0.0,凯旋路166-3号中山公园龙之梦凯旋路大门
兰州牛肉面,美食,面馆,6.7,6.5,6.6,汇川路
家全七福(浦东店),美食,粤菜,8.1,8.3,7.5,富城路33号香格里拉大酒店浦江楼2楼
女人部落(陆家嘴店),丽人,美甲美睫,7.6,7.6,7.6,陆家嘴西路168号正大广场七楼26B号
森茂诊疗所,生活服务,医院,7.6,7.7,7.7,陆家嘴环路1000号恒生银行大厦3楼
美图官方体验店,购物,数码产品,0.0,0.0,0.0,陆家嘴正大广场5楼270号美图专柜
上海小南国(中山公园店),美食,本帮江浙菜,7.4,7.7,7.2,长宁路999号兆丰广场4楼
文斯诺国际艺术创新教育,学习培训,留学,7.6,7.6,7.6,凯旋路166号凯旋坊7幢2楼B1座
Tom Ford(国金中心商场店),购物,服饰鞋包,8.4,8.0,7.1,世纪大道8号国金中心商场2层L2-28
POLO,酒店,更多酒店住宿,0.0,0.0,0.0,陆家嘴西路168号正大广场4楼
曾鉴清律师事务所,生活服务,更多生活服务,0.0,0.0,0.0,长宁路988号花园大厦西楼F、D座12层
金茂87层九重天,美食,咖啡厅,7.7,8.6,8.2,陆家嘴世纪大道88号
宏达游乐场,周边游,景点,6.9,6.7,6.9,长宁路780号中山公园内
虎丸烧肉(玫瑰坊店),美食,烧烤,9.0,8.0,7.9,长宁路890号玫瑰坊2楼
Candy Lab糖果研究室(正大广场一...,购物,食品茶酒,7.6,7.8,7.4,陆家嘴西路168号正大广场6楼
国际金融中心停车场,爱车,停车场,0.0,0.0,0.0,世纪大道8号国金中心商场B1-B2-B3楼
湘味小厨(兆丰广场店),美食,湘菜,0.0,0.0,0.0,长宁路1027号兆丰广场B1层
鸟安(中山公园店),美食,日本菜,7.6,7.1,6.9,汇川路172号
欧尚花坊,生活服务,花店,6.8,6.8,6.8,长宁路1018号龙之梦购物中心B2無印良品对面
匠心宴会,美食,自助餐,7.3,7.3,7.3,凯旋路369号雅仕大厦205室
中山公园高尔夫练习场学习课程,运动健身,高尔夫场,0.0,0.0,0.0,宁康路199号
姚家角警务室,生活服务,政府机构,0.0,0.0,0.0,临近定西路
妙生活水果生鲜超市(中山公园店),购物,水果生鲜,7.7,7.7,7.6,长宁路1301号
GaGa Dance舞蹈会所(中山公园龙...,运动健身,舞蹈,0.0,0.0,0.0,凯旋路200号一楼
龙记香港茶餐厅(龙之梦购物中心...,美食,粤菜,7.2,6.6,6.6,长宁路1018号龙之梦购物中心B1楼
4inlook美目美佳隐形眼镜店(中山...,购物,眼镜店,8.8,9.0,8.7,长宁路1018号龙之梦购物中心2楼蓝中庭SPK14专柜
上海海洋水族馆 停车场,爱车,停车场,0.0,0.0,0.0,陆家嘴环路1388号
四斋蒸鹅心vr体验馆,休闲娱乐,VR,0.0,0.0,0.0,长宁路花园大厦B座5楼
3d打印中心,生活服务,快照/冲印,0.0,0.0,0.0,长宁路888号
知蟹坊(长峰大厦店),美食,蟹宴,7.0,7.0,7.0,定西路1277号长峰大厦2407室
张角,生活服务,小区,0.0,0.0,0.0,汇川路89弄
乐巢酒吧(古北店),休闲娱乐,酒吧,0.0,0.0,0.0,长宁路1027号
北京羲和雅苑烤鸭坊(来福士店),美食,其他,7.6,8.1,7.5,长宁路1123号长宁来福士广场东区6层35号
ZOE's Cafe Bistro 浦东店,周边游,景点,0.0,0.0,0.0,上海浦东新区陆家嘴西路168号正大广场1楼近陆家嘴西路
喜到家酒店公寓(上海中山公园地...,酒店,公寓式酒店,7.0,7.4,7.1,汇川路99号新时空大厦10楼1022室
后Queen line半永久定妆培训学院,学习培训,职业技术,0.0,0.0,0.0,长宁路969号兆丰花园18楼
寰际教育,学习培训,升学辅导,8.4,8.4,8.4,长宁路1189号来福士广场T2座1901单元
火星羽毛球游泳网球篮球乒乓球(...,运动健身,羽毛球馆,0.0,0.0,0.0,长宁路1318号
古意湘味浓(国金中心商场店),美食,湘菜,8.2,7.4,7.6,世纪大道8号国金中心商场LG1-81层
表叔茶餐厅(中山公园店),美食,粤菜,7.2,7.2,6.8,汇川路456号
DW(正大广场店),购物,珠宝饰品,7.9,7.9,7.9,陆家嘴西路168号正大广场2楼
Dolce Gusto 体验店(大时代国金...,购物,食品茶酒,6.6,6.6,6.6,世纪大道8号国际金融中心B2层
春天高端洗浴会所,休闲娱乐,足疗按摩,0.0,0.0,0.0,长宁路739号
天马座花艺(中山公园店),生活服务,花店,7.0,7.0,7.0,定西路1525号
范北社区卫生服务站,医疗健康,医院,0.0,0.0,0.0,凯旋路141号
花园大厦,生活服务,商务楼,0.0,0.0,0.0,长宁路982号花园大厦内
MISSHA(龙之梦购物中心店),丽人,化妆品,6.2,5.9,5.9,长宁路1018号龙之梦购物中心3楼
食天下-喜葵石锅,美食,川菜,7.2,7.0,7.2,陆家嘴环路166号未来资产大厦B1层
SKECHERS(龙之梦购物中心店),购物,运动户外,7.9,7.7,7.3,长宁路1018号龙之梦购物中心5楼
新奢之家·奢侈品护理(正大广场...,生活服务,衣物/皮具洗护,0.0,0.0,0.0,陆家嘴西路168号正大广场西区B1楼FL25A商铺
佳丽宝,生活服务,公司企业,0.0,0.0,0.0,凯旋路369号龙之梦雅仕大厦2层210/212
中国银行24小时自助银行(陆家嘴...,生活服务,银行,0.0,0.0,0.0,陆家嘴西路168号正大广场
卡地亚(国金中心商场店),购物,珠宝饰品,7.7,8.0,5.5,世纪大道8号国金中心商场1层
最.刺青工作室(上海优质老店),丽人,纹身,9.5,9.4,9.5,汇川路99号 新时空国际广场613 （V信satan024）
国太飞行员俱乐部,美食,自助餐,6.9,6.9,6.9,陆家嘴
同道大叔星座咖啡厅 Uncle's Fri...,休闲娱乐,咖啡厅,7.0,8.1,7.5,陆家嘴环路168号正大广场1楼
澳博士高端女性健康管理中心(中...,丽人,产后塑形,9.3,9.3,9.3,长宁路855号亨通国际大厦17C
金载勋跆拳道(贝多芬广场店),运动健身,武术场馆,0.0,0.0,0.0,长宁路1158号贝多芬广场6楼
时代高尔夫入门课程一对一教学,运动健身,高尔夫场,0.0,0.0,0.0,汇川路88号
置美医疗美容诊所,丽人,整形,0.0,0.0,0.0,长宁路1191号长宁来福士广场西区03层02号
上海银行(总行),生活服务,银行,0.0,0.0,0.0,银城中路168号
上海人人乐酒店公寓,酒店,经济型,7.2,7.6,7.5,汇川路99号新时空国际商务广场19楼
Lily韩式半永久嫁接睫毛皮肤管理,丽人,纹绣,8.0,8.0,8.0,汇川路99号2811室
中山公寓,生活服务,小区,0.0,0.0,0.0,长宁路1277弄
永利宝金融信息服务有限公司,爱车,维修保养,0.0,0.0,0.0,陆家嘴花园石桥路66号东亚银行金融大厦1601室
BOSE音响(苏宁电器长宁店),购物,数码产品,7.7,7.4,7.2,长宁路999号苏宁电器2楼
献血屋,医疗健康,其他医疗,6.9,6.9,6.9,东方明珠塔
高尔夫培训班,运动健身,高尔夫场,0.0,0.0,0.0,武夷路
Sakura Beauty日式美甲美睫美业...,丽人,美甲美睫,9.4,9.4,9.4,长宁路982号花园大厦东楼6楼601室
安达曼,美食,东南亚菜,0.0,0.0,0.0,长宁路1139号
La Mer(国金中心商场店),购物,化妆品,8.5,9.0,8.3,世纪大道8号国金中心商场2层
Penta hotel,酒店,更多酒店住宿,6.9,6.7,6.8,定西路1375号
莲SPA足道养生馆(中山公园店),休闲娱乐,足疗按摩,0.0,0.0,0.0,长宁路1055号汇都大楼10层
松下电器(龙之梦购物中心店),生活服务,更多生活服务,0.0,0.0,0.0,长宁路1018号龙之梦购物中心B1楼
来福士停车场,爱车,停车场,0.0,0.0,0.0,长宁路1139
火力全开干锅牛蛙(兆丰广场店),美食,川菜,8.0,7.5,7.9,长宁路1027号兆丰广场B1层
赛乐尔钢琴专卖店,学习培训,音乐培训,0.0,0.0,0.0,陆家嘴
Le Creuset(国金店),购物,家居建材,7.1,6.8,6.7,世纪大道8号上海国金中心LG2楼city'super内
vhvh,生活服务,家政,0.0,0.0,0.0,凯旋路
高尔夫入门课程培训,休闲娱乐,更多休闲娱乐,0.0,0.0,0.0,陆家嘴滨江大道
安园养生(定西路店),休闲娱乐,足疗按摩,0.0,0.0,0.0,定西路1513号1-2
干冰公司,生活服务,公司企业,0.0,0.0,0.0,陆家嘴
Dior(正大广场店),丽人,化妆品,7.4,7.2,7.2,陆家嘴西路168号正大广场1楼
木九十眼镜,购物,眼镜店,6.5,6.8,7.1,长宁路1018号龙之梦购物中心2楼黄中庭
金融城环线,生活服务,交通,0.0,0.0,0.0,滨江大道2450号
MISSHA(龙之梦购物中心店),购物,化妆品,6.2,5.9,5.9,长宁路1018号龙之梦购物中心3楼
十月妈咪(龙之梦购物中心店),购物,亲子购物,0.0,0.0,0.0,长宁路1018号龙之梦购物中心6楼
超右脑教育训练,学习培训,升学辅导,0.0,0.0,0.0,长宁路988号花园大厦西楼B座6层
LOVE&LOVE(龙之梦购物中心店),购物,珠宝饰品,7.1,7.2,7.1,长宁路1018号龙之梦购物中心1楼
玫瑰厅,美食,本帮江浙菜,0.0,0.0,0.0,长宁路1193号长宁来福士东区5楼
基诺浦品牌机能童鞋汇(长宁龙之...,购物,亲子购物,0.0,0.0,0.0,长宁路1018号长宁龙之梦6楼
下田屋物流有限公司(上海事务所),生活服务,物流快递,0.0,0.0,0.0,定西路1279号名光大厦10D
喜到家酒店公寓(上海中山公园地...,酒店,商务酒店,7.0,7.4,7.1,汇川路99号新时空大厦10楼1022室
全家便利店(汇川一店),购物,超市/便利店,7.8,7.7,7.5,汇川路72号
Flair rooftop顶层餐厅酒吧,美食,其他,8.2,9.2,8.8,世纪大道8号上海国金中心丽思卡尔顿酒店58楼
新肴珍宝海鲜(ifc店),美食,东南亚菜,9.1,9.0,8.5,世纪大道8号国金中心L3-10店铺
滩万,美食,日本菜,7.9,8.5,7.7,富城路33号香格里拉大酒店紫金楼2楼
海洋岛,周边游,动植物园,0.0,0.0,0.0,长宁路1289号
Vans(正大广场店),购物,运动户外,7.1,7.1,6.6,陆家嘴西路168号5楼48I
adidas(多媒体店),购物,运动户外,7.0,6.9,6.9,长宁路999号多媒体生活广场1楼
全日空航空公司(上海办事处),生活服务,旅行社,0.0,0.0,0.0,凯旋路369号201室
公厕,生活服务,厕所,0.0,0.0,0.0,世纪大道61号
BEASTS,购物,特色集市,7.1,7.1,7.1,长宁路1018号龙之梦购物中心4楼4099号
点评团,生活服务,网站,0.0,0.0,0.0,安化路492号德必易园创意园C座2楼
美车堂(中山公园店),爱车,洗车,0.0,0.0,0.0,长宁路1018号龙之梦购物中心B3楼停车场
Wagas沃歌斯(龙之梦购物中心店),美食,西餐,8.1,8.3,7.7,长宁路1018号龙之梦购物中心1楼
北虹桥陆家嘴招商处,生活服务,商务楼,0.0,0.0,0.0,花园石桥路39号
YOU MIRA(玫瑰坊),酒店,更多酒店住宿,0.0,0.0,0.0,长宁路890号B2层B2-26B
PANDORA(龙之梦购物中心店),购物,珠宝饰品,8.7,8.4,8.0,长宁路1042号龙之梦购物中心1楼
上海泓朴太极(中山公园馆),运动健身,武术场馆,0.0,0.0,0.0,长宁路888弄15号兆丰嘉园会所B1
正大广场停车库,爱车,停车场,0.0,0.0,0.0,陆家嘴西路168号正大广场内
很高兴遇见你(中山公园龙之梦店),美食,其他,8.0,8.8,8.3,长宁路1018号龙之梦购物中心8楼1018号
弗瑞博撞球会所,休闲娱乐,桌球馆,0.0,0.0,0.0,汇川路450号凯旋坊2楼
健康美甲 MissCandy(正大广场店),丽人,美甲美睫,7.7,7.7,7.7,陆家嘴西路168号05F层73号
花月(兆丰广场店),美食,日本菜,8.1,7.4,7.4,长宁路1027号兆丰广场B1层
奥佳华ogawa(龙之梦购物中心店),购物,家居建材,6.6,6.9,6.9,长宁路1018号龙之梦购物中心5楼
良工巧匠(龙之梦工作室),生活服务,衣物/皮具洗护,0.0,0.0,0.0,长宁路1018号龙之梦办公楼24层2402室
彦诺广告设计制作,生活服务,公司企业,0.0,0.0,0.0,长宁路1055号
奥林巴斯相机,购物,数码产品,0.0,0.0,0.0,长宁路999号苏宁电器1楼
阳光花卉(花花世界),生活服务,花店,0.0,0.0,0.0,汇川路66号
林尚美甲(正大广场店),丽人,美甲美睫,6.8,6.8,6.8,陆家嘴西路100号
上海美怡酒店,酒店,商务酒店,7.1,6.2,6.2,汇川路99号新时空国际商务广场16楼1612室
COVA(国金中心),美食,面包甜点,7.9,7.9,7.6,世纪大道8号国金中心商场L1楼30号商铺
The Beautools(正大广场店),丽人,美容/SPA,9.2,9.2,9.2,陆家嘴西路168号正大广场1F18号
MAO CHANG OPTICAL,购物,眼镜店,0.0,0.0,0.0,陆家嘴西路168号正大广场3楼
SU素原创时尚银饰店(中山公园店),购物,珠宝饰品,7.4,7.3,7.5,长宁路1018号龙之梦购物中心
新华旅行社,生活服务,旅行社,0.0,0.0,0.0,世纪大道88号
Mina DIY 手工坊,休闲娱乐,DIY手工坊,0.0,0.0,0.0,陆家嘴西路168号正大广场7楼中庭
全家便利店(长宁路四店),购物,超市/便利店,7.7,7.7,7.7,长宁路770号
招商银行(长宁支行),生活服务,银行,0.0,0.0,0.0,长宁路1268-1302号
泰妃殿(中山公园龙之梦店),美食,东南亚菜,8.0,8.5,8.1,长宁路1018号龙之梦购物中心5楼
和刺猬一起玩皮,休闲娱乐,DIY手工坊,0.0,0.0,0.0,中山公园5号口出定西路1277号长峰大厦101室
曦辰书院(书法篆刻课堂),学习培训,美术培训,8.5,7.7,8.5,长宁路969号兆丰花园3205
诗泥SPA(正大广场店),丽人,瘦身纤体,9.0,9.0,8.9,陆家嘴西路168号（近东方明珠）正大广场7楼
瑾萱花屋(陆家嘴店),购物,更多购物场所,9.0,9.0,9.1,陆家嘴世纪大道8号上海国金F1
秦淮河畔温泉桑拿会所,休闲娱乐,足疗按摩,0.0,0.0,0.0,长宁路1008号
高和海德公寓,酒店,四星级/高档型,6.9,7.3,7.0,长宁路833号新宁购物中心内
Berrymay健康管理(中山公园店),丽人,瘦身纤体,9.2,9.1,9.1,长宁路855号亨通国际大厦8楼C座
上海人人乐酒店公寓,酒店,三星级/舒适型,7.2,7.6,7.5,汇川路99号新时空国际商务广场19楼
美容院(正大广场店),丽人,整形,0.0,0.0,0.0,陆家嘴西路168号正大广场1楼
怡优美花坊,购物,花店,7.5,7.5,7.5,长宁路1018号
第五空间咖啡馆,休闲娱乐,咖啡厅,7.9,8.3,8.1,长宁路1018号龙之梦购物中心4楼4202室
拯救汽车俱乐部(长宁路店),爱车,维修保养,0.0,0.0,0.0,长宁路988号花园大厦西楼D座3层
名师课堂,学习培训,升学辅导,7.3,7.3,7.3,长宁路花园大厦988号四楼
戴尔电脑专卖店,购物,数码产品,0.0,0.0,0.0,陆家嘴银城中路
全家便利店(正大广场店),购物,超市/便利店,7.8,7.4,7.2,陆家嘴西路168号B1楼21-22室
Mars sporst网球培训中心(中山公...,运动健身,网球场,0.0,0.0,0.0,长宁路1008号
安心旅伴(世纪大道联络点),生活服务,旅行社,0.0,0.0,0.0,世纪大道1号
光头佬面档,美食,面馆,7.6,6.4,7.1,汇川路与凯旋路交汇处东北角
好太太晾衣架维修售后服务中心(...,生活服务,居家维修,0.0,0.0,0.0,长宁路1168号
上海迪士尼旗舰店,购物,服饰鞋包,9.0,9.1,9.1,丰和路180号
Agnes Sport b,购物,运动户外,7.5,7.5,7.4,世纪大道8號上海國金中心商場地下二層LG2-16
SEPHORA(正大广场店),丽人,化妆品,6.7,6.5,6.0,陆家嘴西路168号（近东方明珠）正大广场1楼
美车堂(正大广场B3店),爱车,汽车美容,0.0,0.0,0.0,陆家嘴西路168号正大广场B3层B301
贝斯广告制作(长宁店),生活服务,快照/冲印,0.0,0.0,0.0,长宁路
千姿花卉(中山公园店),购物,花店,0.0,0.0,0.0,凯旋路369号5楼
浦东香阁里拉,美食,海鲜,6.9,6.9,6.9,陆家嘴
怡优美花坊,购物,更多购物场所,7.5,7.5,7.5,长宁路1018号
PizzaExpress马上诺(中山公园店),美食,西餐,8.8,9.1,8.8,长宁路1018号龙之梦购物中心7楼蓝中庭
上海海洋水族馆餐厅(水族馆餐厅...,美食,小吃快餐,6.8,6.8,6.8,陆家嘴环路1388号1楼
贝多芬广场a座,生活服务,商务楼,0.0,0.0,0.0,长宁路1158号
欧尚花坊,购物,花店,6.8,6.8,6.8,长宁路1018号龙之梦购物中心B2無印良品对面
foreo(正大广场店),购物,化妆品,6.5,6.4,6.3,陆家嘴西路168号（近东方明珠）正大广场1楼
彩花束(陆家嘴西路正大广场店),购物,更多购物场所,9.3,9.3,9.3,陆家嘴西路168号正大广场B2楼超市中门入口右侧
木九十(浦东正大店),购物,眼镜店,7.0,7.1,6.6,陆家嘴西路168号正大广场3楼
博彩图文数码快印,生活服务,快照/冲印,0.0,0.0,0.0,凯旋路
浏蒸记浏阳蒸菜,美食,湘菜,7.3,7.3,7.3,长宁路999号地下二层
广融达金融租赁有限公司,爱车,汽车租赁,0.0,0.0,0.0,世纪大道88号金茂大厦47层
汉堡王(上海正大店),美食,小吃快餐,7.3,7.2,7.0,陆家嘴西路168号正大广场5楼32室
利苑(国金中心店),美食,粤菜,8.2,8.4,7.6,世纪大道8号上海国金中心3楼L3-17&18
博邦地产,生活服务,房屋地产,0.0,0.0,0.0,长宁路855号亨通国际大厦5层
古巷佳苑,周边游,景点,0.0,0.0,0.0,古堰画乡堰头村39号
优帕克服务式公寓(圣约翰名邸店),酒店,经济型,0.0,0.0,0.0,长宁路1188弄
babyjump少儿舞蹈,运动健身,舞蹈,0.0,0.0,0.0,凯旋路200号
三巡海南鸡饭(正大广场店),美食,东南亚菜,7.3,7.1,7.1,陆家嘴西路168号（近东方明珠）正大广场B2楼
上航旅游(定西路店),生活服务,旅行社,0.0,0.0,0.0,定西路1279号名光大厦1403D座
牛卡vr,休闲娱乐,VR,0.0,0.0,0.0,陆家嘴西路168号正大广场8层
cici纤美(长宁来福士店),丽人,瘦身纤体,7.7,7.7,7.7,长宁路1139号长宁来福士广场西区3楼
Hi味花甲(中山公园龙之梦店),美食,小吃快餐,8.3,7.4,8.1,长宁路1018号龙之梦购物中心B2楼
时代高尔夫练习场教学中心,运动健身,高尔夫场,0.0,0.0,0.0,凯旋路317号
瑞贝卡时尚假发(龙之梦购物中心...,丽人,化妆品,7.8,7.7,7.6,长宁路1018号龙之梦购物中心2楼
耶里夏丽(正大广场店),美食,新疆菜,9.0,9.0,8.5,陆家嘴西路168号（近东方明珠）正大广场2楼
上海浦东丽思卡尔顿酒店,酒店,五星级/豪华型,9.3,9.2,9.1,陆家嘴世纪大道8号国金中心
Pret A Manger(上海国金中心店),美食,西餐,8.7,9.1,9.0,世纪大道8号上海国金中心LG1－37
哈根达斯(龙之梦店),美食,咖啡厅,7.2,7.0,7.0,长宁路1018号龙之梦购物中心1071商铺
caferica,购物,家居建材,0.0,0.0,0.0,陆家嘴西路168号正大广场B2层
一米辅导(中山公园中心),学习培训,升学辅导,7.7,7.7,7.7,长宁路1018号
双线皮具私人定制,休闲娱乐,DIY手工坊,0.0,0.0,0.0,长宁路890号2楼26。玫瑰坊观光电梯二楼开门就是
莲SPA足道养生馆(中山公园店),休闲娱乐,中医养生,0.0,0.0,0.0,长宁路1055号汇都大楼10层
NOBLE(正大广场),生活服务,花店,0.0,0.0,0.0,陆家嘴西路168号B2层
三只小鸡,美食,韩国料理,0.0,0.0,0.0,长宁路1018号龙之梦B2层
diptyque(国金中心店),购物,化妆品,7.8,7.8,7.8,上海ifc国金中心地下二层1010APOTHECARY
星巴克(正大2店),美食,咖啡厅,7.2,7.0,7.0,陆家嘴西路168号1F
上海人家花样年华(长宁店),美食,本帮江浙菜,7.7,7.9,7.3,长宁路1018号龙之梦购物中心8楼
链家(凯欣店),生活服务,房屋地产,0.0,0.0,0.0,上海市长宁区汇川路86号
艺老爷摄影工作室,生活服务,更多生活服务,0.0,0.0,0.0,世纪大道6号
九龙冰室茶餐厅(中山公园店),美食,粤菜,6.9,7.0,6.7,长宁路1018号龙之梦购物中心2楼2429号铺
全家便利店(银城中路店),购物,食品茶酒,7.5,7.4,7.5,银城中路8号1楼
上海君众搬家搬场公司,生活服务,搬家,0.0,0.0,0.0,全市上门服务
kangertech蒸汽电子烟(长宁来福...,购物,数码产品,8.1,8.1,8.1,长宁路1191号来福士西区二楼电梯口
原汁缘味过桥米线(正大广场店),美食,小吃快餐,7.1,7.2,6.9,陆家嘴西路168号正大广场B2层
艺高文化工作室,学习培训,美术培训,0.0,0.0,0.0,定西路2077号金桥大夏2001室
真艾堂中医艾灸馆,休闲娱乐,中医养生,0.0,0.0,0.0,定西路1279号名光大厦2105室
瑞贝卡时尚假发,丽人,美发,7.5,7.4,7.4,陆家嘴西路168号正大广场3楼
朝日日语(中山公园中心),学习培训,兴趣生活,9.1,9.1,9.0,长宁路855号亨通国际大厦18楼
猫家美甲美睫纹绣沙龙,丽人,美甲美睫,9.2,9.2,9.3,汇川路99号新时空广场5楼502室
HITOMI OPTICIAN美瞳(正大广场店...,购物,眼镜店,8.7,8.7,8.7,陆家嘴西路168号正大广场5楼
贝尔特酒店-洗手间,生活服务,厕所,0.0,0.0,0.0,定西路1525号贝尔特酒店
白小仓库,医疗健康,其他医疗,0.0,0.0,0.0,长宁路986号国美电器2楼
梵创造型(中山公园店),丽人,美发,9.4,9.4,9.4,汇川路76号1楼
happyfish,美食,海鲜,7.0,7.0,7.0,长宁路1030号
truelove挚爱鲜花,生活服务,花店,0.0,0.0,0.0,陆家嘴环路1333号（(近东方明珠)）
百花阁娱乐中心,休闲娱乐,足疗按摩,0.0,0.0,0.0,陆家嘴银城中路
Onitsuka Tiger,购物,运动户外,0.0,0.0,0.0,长宁路1139号长宁来福士5楼
Yusen Logistics,生活服务,物流快递,0.0,0.0,0.0,凯旋路369号龙之梦雅仕大厦
心飞悦个人形象设计(中山公园店),学习培训,职业技术,0.0,0.0,0.0,汇川路76号龙之梦商业广场24楼
交银金融大厦,生活服务,商务楼,0.0,0.0,0.0,银城中路190号
高尔夫3998入门课程教练教学,运动健身,高尔夫场,0.0,0.0,0.0,汇川路
必胜客(玫瑰坊店),美食,西餐,8.1,8.4,7.9,长宁路890号玫瑰坊1楼101，靠近中山公园
克拉克-东南亚餐厅,美食,东南亚菜,0.0,0.0,0.0,莘庄龙之梦B2
Luz solar beauty日系美容脱毛日...,丽人,美容/SPA,9.0,9.0,9.1,汇川路99号新时空国际商务广场1101室
星怡会(龙之梦购物中心店),美食,东南亚菜,8.3,8.5,8.2,长宁路1018号龙之梦购物中心7楼
人马线全国连锁健身工作室(中山...,运动健身,健身中心,0.0,0.0,0.0,长宁路988号花园大厦10楼D室
全日空(南京西路分部),生活服务,公司企业,0.0,0.0,0.0,凯旋路369号龙之梦雅仕大厦201室
XOXO(龙之梦购物中心店),购物,亲子购物,0.0,0.0,0.0,长宁路1018号龙之梦购物中心2楼
火星国际网球培训(富城路),运动健身,网球场,0.0,0.0,0.0,富城路55号
谷田稻香(来福士店),美食,小吃快餐,7.2,7.3,7.5,长宁路1123号来福士广场东区6层21F
置美医疗美容诊所,医疗健康,整形,0.0,0.0,0.0,长宁路1191号长宁来福士广场西区03层02号
流行演唱培训中心,学习培训,职业技术,0.0,0.0,0.0,安昌桥头南天大厦6楼(安昌桥头农行楼上)
金茂时尚生活中心(世纪大道店),购物,综合商场,7.1,7.2,7.2,世纪大道88号金茂大厦裙楼内
色廊Colour Corridor染发专家,丽人,美发,9.4,9.4,9.4,汇川路99号新时空广场5楼514室
东亚银行(长宁路支行),生活服务,银行,0.0,0.0,0.0,长宁路1196号
京汇粹(龙之梦购物中心店),美食,其他,8.3,8.6,7.9,长宁路1018号龙之梦购物中心8楼
云海肴云南菜(正大广场店),美食,云南菜,8.2,8.6,8.6,陆家嘴西路168号正大广场6F
长宁中学,学习培训,教育院校,7.2,7.2,7.2,长宁路1302弄9号
得一大药房(龙之梦购物中心店),购物,药店,6.8,6.7,6.7,长宁路1018号龙之梦购物中心B2楼
普华永道中天会计师事务所,生活服务,公司企业,0.0,0.0,0.0,陆家嘴环路1318号星展银行大厦6楼
丰和日丽(正大广场店),美食,本帮江浙菜,7.7,8.0,7.1,陆家嘴西路168号正大广场6楼
青古植艺,休闲娱乐,更多休闲娱乐,0.0,0.0,0.0,正大广场2楼中庭
Christian Louboutin(国金中心店...,购物,更多购物场所,8.0,8.0,7.6,上海浦东新区世纪大道8号IFC国金中心商场L1-32号店
Forest Rose Afternoon Tea,休闲娱乐,咖啡厅,7.5,8.9,8.2,长宁路890号玫瑰坊1F-72
City Outlets 城市奥特莱斯,购物,品牌折扣店,6.7,6.4,6.4,长宁路1018号龙之梦9楼
中山公园高尔夫初学培训(仙霞店),运动健身,高尔夫场,0.0,0.0,0.0,长宁路1201号
sony数码(陆家嘴店),购物,数码产品,5.8,7.7,5.8,陆家嘴西路168号正大广场4楼12号铺
平安银行(上海分行营业部),生活服务,银行,0.0,0.0,0.0,陆家嘴环路1333号中国平安金融大厦
汽车帮电 配汽车钥匙,爱车,维修保养,0.0,0.0,0.0,陆家嘴东园路
图文数码写真,生活服务,快照/冲印,0.0,0.0,0.0,陆家嘴东路
天马座花艺(中山公园店),购物,花店,7.0,7.0,7.0,定西路1525号
adidas kids(长宁龙之梦店),购物,亲子购物,0.0,0.0,0.0,长宁路1018号龙之梦购物中心6楼
新时空众理酒店式公寓(中山公园...,酒店,三星级/舒适型,7.9,7.2,7.3,汇川路99号8楼809室
瑜舍连锁瑜伽(中山公园店),丽人,瑜伽,0.0,0.0,0.0,长宁路988号花园大厦
一兆韦德健身(来福士旗舰店),运动健身,健身中心,0.0,0.0,0.0,长宁路1191号来福士广场西区4楼03*09号
熊本熊酷ma萌授权专卖店(正大广...,购物,更多购物场所,8.6,8.1,8.4,陆家嘴西路168号正大广场四楼玩具反斗城门口
国际会议中心会展公司,生活服务,公司企业,0.0,0.0,0.0,丰和路
陆小白专业脱毛中心(中山公园店),丽人,美甲美睫,8.1,7.8,8.0,长宁路988号花园大厦704B室
罗森(汇川路店),购物,超市/便利店,7.2,7.1,6.8,汇川路91号
金牌外婆家(长宁来福士店),美食,本帮江浙菜,7.0,7.7,8.1,长宁路1123号长宁来福士东区6楼606-607
采果园(正大店),购物,水果生鲜,6.8,6.9,6.9,陆家嘴西路168号正大广场B2-25
准星房产(长宁路店),生活服务,房屋地产,0.0,0.0,0.0,长宁路1156号附近
morganfield's摩根菲(长宁来福士...,美食,西餐,0.0,0.0,0.0,长宁路1189号来福士广场
圣廷棋牌会所,休闲娱乐,棋牌室,0.0,0.0,0.0,汇川路99号新时空国际商务广场3楼4楼
龙之梦万丽酒店青餐厅,美食,自助餐,7.7,9.0,8.7,长宁路1018号龙之梦万丽酒店26楼
稚爱宝贝母婴家政(定西路店),生活服务,家政,0.0,0.0,0.0,定西路1277号204室
百岁山,购物,食品茶酒,0.0,0.0,0.0,长宁路1018号龙之梦购物中心B1层
AJIYA(中山公园店),美食,日本菜,8.4,8.1,8.7,长宁路999号兆丰广场B1楼吉家美食荟F106室
Swatch(长宁龙之梦店),购物,珠宝饰品,7.3,7.1,7.1,长宁路1018号龙之梦购物中心2楼2019号铺
一笼小确幸(正大广场店),美食,粤菜,7.9,8.7,8.1,陆家嘴西路168号正大广场7楼7F05B
陶艺,休闲娱乐,DIY手工坊,0.0,0.0,0.0,长宁路780号
港开茶餐厅,美食,粤菜,6.6,6.9,7.0,世纪大道55号世纪天桥2楼-2室
火星羽毛球游泳网球篮球乒乓球(...,运动健身,羽毛球馆,0.0,0.0,0.0,世纪大道50号
平安银行(定西路支行),生活服务,银行,0.0,0.0,0.0,定西路1299号
中山公园龙之梦停车场,爱车,停车场,0.0,0.0,0.0,长宁路1028号
劳合社保险中国有限公司,生活服务,公司企业,0.0,0.0,0.0,陆家嘴环路1233号汇亚大厦33楼
租户餐厅,美食,其他,7.5,7.4,7.4,中银大厦6楼
诤友车社,学习培训,职业技术,0.0,0.0,0.0,长宁路1055号
慕轩律师事务所,生活服务,更多生活服务,0.0,0.0,0.0,华阳路街道长宁路1027号兆丰广场2306室
台湾市集(正大广场店),美食,台湾菜,7.0,7.0,7.1,陆家嘴西路168号正大广场B2楼食代馆内
美丽田园(金茂店),丽人,美容/SPA,9.2,9.3,9.3,世纪大道88号金茂大厦裙楼4N01-4N05室
HUAWEI(龙之梦购物中心店),购物,数码产品,7.5,7.5,7.5,长宁路1018号龙之梦购物中心B1楼
粤1525,美食,粤菜,8.2,8.9,8.0,定西路1525号2楼
City Dance舞蹈会所(中山公园旗...,运动健身,舞蹈,0.0,0.0,0.0,长宁路888弄15号兆丰嘉园会所
知音琴行(旗舰店),学习培训,音乐培训,7.0,7.1,7.1,长宁路1200号贝多芬广场B座3楼
OSIM(正大广场店),购物,家居建材,7.3,7.4,7.4,陆家嘴西路168号（近东方明珠）正大广场5楼
捷辉汽车美容养护中心,爱车,维修保养,0.0,0.0,0.0,凯旋路439号
mamonde(屈臣氏长宁龙之梦店),丽人,化妆品,6.4,6.4,6.4,长宁路1018号3楼屈臣氏柜台
希多蜜眼镜(正大店),购物,眼镜店,9.2,9.2,9.2,正大广场5楼（麦当劳对面）
麦茂专业催乳产后康复中心,丽人,产后塑形,8.8,8.8,8.8,汇川路99号
中国工商银行(正大广场支行),生活服务,银行,0.0,0.0,0.0,陆家嘴西路168号正大广场B1楼09-10号铺
富临轩(正大广场店),美食,粤菜,7.9,7.9,7.6,陆家嘴西路168号（近东方明珠）正大广场4楼
中国银行24小时自助银行,生活服务,银行,0.0,0.0,0.0,长宁路1170号
Coterie(国金中心商场店),购物,眼镜店,7.7,7.7,6.8,世纪大道8号国金中心商场LG2层
晨光生活馆(正大广场店),购物,更多购物场所,7.6,7.7,7.5,陆家嘴西路168号正大广场大众书局内
暗恋桃花源,美食,本帮江浙菜,7.1,7.4,7.1,龙之梦7楼
一代眼镜(正大店),购物,眼镜店,7.7,7.8,7.8,陆家嘴西路168号正大广场B2楼
鲜米仙经典饮料路之站,美食,其他,6.9,6.9,6.9,陆家嘴环路1396号
星蓉川食酒肆,美食,川菜,0.0,0.0,0.0,龙之梦购物中心7楼
海马体照相馆,生活服务,快照/冲印,0.0,0.0,0.0,长宁路1139号长宁来福士尚雅馆2楼
炉边情谈(正大广场店),美食,烧烤,0.0,0.0,0.0,陆家嘴西路168号（近东方明珠）正大广场6楼
夫子林,学习培训,美术培训,7.4,7.4,7.2,长宁路1158号A座206室
上海家荣酒店公寓,酒店,公寓式酒店,8.0,7.8,7.8,汇川路99号1612室
香港日置名媛美容瘦身(正大广场...,丽人,瘦身纤体,8.4,8.2,8.3,陆家嘴西路168号正大广场7楼09铺位
江边城外烤全鱼(龙之梦购物中心...,美食,川菜,8.6,8.5,8.6,长宁路1018号龙之梦购物中心6楼
范北社区卫生服务站,生活服务,医院,0.0,0.0,0.0,凯旋路141号
小马路商场,购物,综合商场,7.1,7.1,7.4,长宁路820号
蒙奇奇,购物,更多购物场所,7.6,7.6,7.6,长宁路1018号中山公园龙之梦
大众道路救援补轮胎搭电处,生活服务,更多生活服务,0.0,0.0,0.0,世纪大道8号
刘娟美甲沙龙(长宁来福士店),丽人,纹绣,9.2,9.3,9.3,长宁路1123号来福士广场06层34/42号
Wen handcraft studio(玫瑰坊店),休闲娱乐,DIY手工坊,0.0,0.0,0.0,长宁路890号玫瑰坊2楼2F-03
虎丸烧肉(玫瑰坊店),美食,日本菜,9.0,8.0,7.9,长宁路890号玫瑰坊2楼
西贝莜面村(上海正大广场店),美食,西北菜,8.8,8.8,9.0,陆家嘴西路168号正大广场8层
EF英孚教育成人英语培训中心(中...,学习培训,外语培训,5.2,5.4,5.4,长宁路1018号龙之梦购物中心8楼
MIXXO(龙之梦购物中心店),购物,服饰鞋包,7.5,7.7,7.0,长宁路1018号龙之梦购物中心2楼
Body Soul 舞蹈工作室(中山公园...,丽人,舞蹈,0.0,0.0,0.0,长宁路855号亨通国际15楼B室
上海光力国际公寓酒店,酒店,经济型,6.2,6.4,6.0,汇川路99号新时空商务广场3楼321室
飞利浦(龙之梦购物中心店),购物,家居建材,6.6,6.9,6.9,长宁路1018号龙之梦购物中心B1楼
星巴克(长宁来福士t3店),美食,咖啡厅,7.7,7.6,7.5,长宁路1139号长宁来福士1楼
柏斯艺术专修学校(中山公园分部),学习培训,音乐培训,6.8,6.8,6.9,凯旋路200号1楼
新时空晨梦国际酒店公寓(中山公...,酒店,公寓式酒店,7.0,7.6,7.3,汇川路99号1408室
致远裱画配框中心(中山公园店),生活服务,更多生活服务,0.0,0.0,0.0,长宁路三泾北宅244号
潜水艇体验馆,周边游,展馆展览,0.0,0.0,0.0,滨江大道2789号
2号售票口,生活服务,售票点,0.0,0.0,0.0,丰和路
Miss Taipei,美食,台湾菜,8.4,8.6,8.6,长宁路1123号长宁来福士东区6楼36号
上海陆家嘴ifc住宅酒店,酒店,经济型,6.8,6.8,6.8,世纪大道8号
后Queen line高端半永久定妆中心...,丽人,美甲美睫,9.4,9.3,9.4,长宁路969弄兆丰花园1807室2号线7号口
海派spa线下体验中心,休闲娱乐,足疗按摩,0.0,0.0,0.0,汇川路99号新时空国际商务广场10楼1007室
金茂87层九重天,休闲娱乐,咖啡厅,7.7,8.6,8.2,陆家嘴世纪大道88号
百事窗帘墙纸安装制作中心(窗帘...,购物,家居建材,0.0,0.0,0.0,长宁路1018号龙之梦购物中心
华尔街英语(正大广场中心),学习培训,外语培训,9.0,9.1,9.1,浦东新区陆家嘴西路168号正大广场6楼61店铺
众信旅游(龙之梦购物中心店),生活服务,旅行社,0.0,0.0,0.0,长宁路1018号龙之梦购物中心B2楼
Fresh(正大广场店),购物,化妆品,7.9,7.9,7.3,陆家嘴西路168号正大广场一楼01FL34
奥斯汀鲜花(上海浦东陆家嘴店),生活服务,花店,7.6,7.7,7.6,世纪大道8号
叶家花卉(陆家嘴站),购物,花店,7.2,7.0,7.0,世纪大道145号
WeCan Fitness Club,运动健身,健身中心,0.0,0.0,0.0,长宁路1188弄圣约翰名邸五号楼会所二楼
美容院(正大广场店),医疗健康,整形,0.0,0.0,0.0,陆家嘴西路168号正大广场1楼
正大广场,购物,综合商场,7.7,7.7,7.2,陆家嘴西路168号
美式眼镜(龙之梦购物中心店),购物,眼镜店,8.0,8.1,8.1,长宁路1018号龙之梦购物中心B2楼
叶家花卉(叶家花卉龙之梦店),生活服务,花店,7.8,7.8,7.8,长宁路1018号
Coffee Passionate(国金中心商场...,美食,咖啡厅,7.2,7.4,7.6,世纪大道8号国金中心商场LG2层
中国工商银行(中山公园站支行),生活服务,银行,0.0,0.0,0.0,地铁2号线中山公园站2-101
BeBeyond,学习培训,更多教育培训,6.7,6.5,7.0,安化路492号易园B幢301室
梧桐楼,生活服务,小区,0.0,0.0,0.0,长宁路1277弄24号
Dr.NCD(正大广场店),丽人,美容/SPA,9.2,9.2,9.2,陆家嘴西路168号（近东方明珠）正大广场2楼
厚继续博士口腔诊所,医疗健康,齿科,8.5,8.7,8.5,路1158号贝多芬广场A座201室
New Balance,购物,运动户外,7.1,6.9,6.8,陆家嘴西路168号正大广场4楼18B-19号铺
罗莱生活luolai(兆丰广场店),购物,家居建材,0.0,0.0,0.0,长宁路1027号兆丰广场1层
星巴克(正大店),美食,咖啡厅,7.6,7.5,7.5,陆家嘴西路168号3F
appleme培训中心,丽人,舞蹈,0.0,0.0,0.0,世纪大道8号国际金融中心1208室
华燕置业发展有限公司,生活服务,房屋地产,0.0,0.0,0.0,长宁路1027号兆丰广场1901室-3室
得一大药房(龙之梦购物中心店),医疗健康,药店,6.8,6.7,6.7,长宁路1018号龙之梦购物中心B2楼
安娜美甲美睫沙龙(中山公园店),丽人,美甲美睫,9.2,9.2,9.2,长宁路889号
麦隆咖啡Mellower Coffee(正大广...,美食,咖啡厅,8.1,8.4,8.2,陆家嘴西路168号，正大广场1楼
壹晴持久定妆美甲美睫沙龙,丽人,纹绣,9.5,9.4,9.5,汇川路99号新时空国际商务广场1914室
上海新时空嘉廷酒店(原新时空瑞...,酒店,商务酒店,7.3,7.6,7.0,汇川路99号新时空国际广场2楼
COACH(龙之梦购物中心店),购物,更多购物场所,0.0,0.0,0.0,长宁路1018号龙之梦购物中心1楼
魔魔岛密室(中山公园店),休闲娱乐,密室,0.0,0.0,0.0,长宁路988号花园大厦6楼606室
李珃.塑颜工作室(小马路商场店),丽人,纹绣,8.5,8.3,8.7,长宁路820号小马路商场B1层
Vital Tea 源素茶(长宁龙之梦店),美食,咖啡厅,8.0,8.4,8.3,长宁路1018号龙之梦购物中心1F-1055
三泾庙,周边游,景点,8.4,8.4,8.4,长宁路三泾北宅244号
安东鸡(正大广场店),美食,韩国料理,7.1,7.7,7.2,陆家嘴西路168号（近东方明珠）正大广场8楼
汉宫白领食堂(银城中路店),美食,本帮江浙菜,7.2,6.7,6.6,银城中路200号中银大厦6楼
春雅洗衣生活馆(定西路店),生活服务,衣物/皮具洗护,0.0,0.0,0.0,定西路1317号底层
可心美颜（良い美容サロン）(中...,丽人,瘦身纤体,9.3,9.2,9.3,汇川路99号501（地铁2号线7号或8号出口30米.3.4号线2号出口30米）
IL COLPO(国金中心商场店),丽人,美发,9.3,9.3,9.3,世纪大道8号上海国金中心商场4楼19-29号商铺
全家便利店(川汇路店),购物,超市/便利店,7.2,7.0,6.9,汇川路10弄2号
锦江旅游(龙之梦购物中心店),生活服务,旅行社,0.0,0.0,0.0,长宁路1018号龙之梦购物中心5楼
贵族花艺,购物,花店,9.1,9.1,9.1,浦东陆家嘴西路168号正大广场B2中厅面包新语对面
瑾萱花屋(中山公园店),购物,花店,7.9,7.9,7.9,长宁路1018号
新世界教育(中山公园校区),学习培训,升学辅导,7.4,7.4,7.2,长宁路855号亨通国际大厦5楼
马奴拉改衣,生活服务,裁缝改衣,0.0,0.0,0.0,陆家嘴西路168号正大广场B1
中国电信电话亭,生活服务,通信营业厅,0.0,0.0,0.0,长宁路824号
星巴克(国金中心店),休闲娱乐,咖啡厅,7.6,7.4,7.3,世纪大道8号上海国金中心D座商场裙房B2层LG2-29室
崛起,生活服务,网站,0.0,0.0,0.0,世纪大道1号
Down Under,休闲娱乐,茶馆,0.0,0.0,0.0,陆家嘴西路168号正大广场8楼
花音集(龙之梦店),购物,更多购物场所,7.8,7.9,7.8,长宁路1018号龙之梦购物中心B1F
家乐福(龙之梦购物中心店),购物,超市/便利店,6.7,6.3,5.9,长宁路1018号龙之梦购物中心B2楼
上海龙之梦万丽酒店,酒店,商务酒店,8.2,8.3,8.1,长宁路1018号 ，近汇川路
東田造型(正大店),丽人,美发,9.0,9.2,9.1,陆家嘴西路168号正大广场7楼06AB室
逃牛岭Runaway Cow Bistro,美食,西餐,7.9,9.2,8.4,长宁路890号玫瑰坊1楼2号中山公园西侧
翡翠拉面小笼包(正大广场店),美食,小吃快餐,7.2,7.5,7.5,陆家嘴西路168号（近东方明珠）正大广场8楼
diptyque(国金中心店),丽人,化妆品,7.8,7.8,7.8,上海ifc国金中心地下二层1010APOTHECARY
苏宁电器(长宁路店),购物,家居建材,7.1,6.8,6.5,长宁路999号多媒体生活广场内
INDITEX,生活服务,公司企业,0.0,0.0,0.0,凯旋路369号龙之梦雅仕大厦
海关大楼,生活服务,商务楼,0.0,0.0,0.0,陆家嘴环西路153号
欢天喜地旅行社(陆家嘴分部),生活服务,旅行社,0.0,0.0,0.0,世纪大道55号
优元素,购物,食品茶酒,7.2,7.0,7.2,陆家嘴西路168号正大广场B1楼
ajidou阿吉豆(中山公园店),购物,珠宝饰品,7.5,7.5,7.7,长宁路1018号龙之梦购物中心B2楼
乐智小天地(龙之梦购物中心店),购物,亲子购物,0.0,0.0,0.0,长宁路1018号龙之梦购物中心6楼
鼎泰丰(正大广场店),美食,小吃快餐,7.3,7.6,7.5,陆家嘴西路168号正大广场3楼24号铺
伊蒂小屋(长宁龙之梦店),丽人,化妆品,7.5,7.4,7.0,长宁路1018号长宁龙之梦购物中心
天行健心理咨询中心,学习培训,更多教育培训,0.0,0.0,0.0,长宁路969号兆丰公园3007
唛哆港式烧腊(正大广场店),美食,粤菜,6.8,6.7,6.6,陆家嘴西路168号正大广场B2楼
G.Flower鲜花港(中山公园店),生活服务,花店,9.2,9.1,9.2,汇川路464号
菓寨(正大广场店),美食,其他,0.0,0.0,0.0,陆家嘴西路168号正大广场5楼
星巴克(龙之梦2店),休闲娱乐,咖啡厅,7.5,7.2,7.4,长宁路1018号龙之梦购物中心1楼1073号铺
阳光花卉(花花世界),购物,花店,0.0,0.0,0.0,汇川路66号
东方明珠电视塔+豪华浦江游船门...,酒店,经济型,0.0,0.0,0.0,陆家嘴环路1390号
牛卡vr,休闲娱乐,游乐游艺,0.0,0.0,0.0,陆家嘴西路168号正大广场8层
中星国际旅行社有限公司,生活服务,旅行社,0.0,0.0,0.0,丰和路1号港务大厦东楼2层3210
茂昌眼镜(定西路店),购物,眼镜店,7.9,8.1,7.8,定西路1305号三联商厦1楼
truelove挚爱鲜花,购物,花店,0.0,0.0,0.0,陆家嘴环路1333号（(近东方明珠)）
蜜丝芭莉&丹邸好士(IFC国金中心...,丽人,瘦身纤体,7.6,7.8,7.9,世纪大道8号上海国金中心D座2层L2-17-2＆3 shanghai IFC，NO.8 Century Avenue building D
电信企业宽带贝多芬广场受理点,生活服务,通信营业厅,0.0,0.0,0.0,长宁路1200号
Taco Bell 塔可贝尔(陆家嘴店),美食,西餐,8.9,9.0,9.0,世纪大道55号东方浮庭1F-1室
高尔夫练习场成人教学,休闲娱乐,更多休闲娱乐,0.0,0.0,0.0,陆家嘴环路
明洞本家韩国碳烤(正大店),美食,韩国料理,7.3,7.3,7.3,陆家嘴西路168号正大广场6楼
巴黎春天新世界酒店浓咖啡,美食,自助餐,6.9,7.7,7.4,定西路1555号酒店2楼
GUCCI,购物,化妆品,0.0,0.0,0.0,长宁路1018号龙之梦购物中心F1
小帅重庆面(兆丰广场店),美食,面馆,7.0,6.8,7.1,长宁路1027号兆丰广场B1层
赵小姐不等位(龙之梦购物中心店),美食,其他,7.2,8.2,8.0,长宁路1018号龙之梦购物中心7楼
绿地未来馆,生活服务,房屋地产,0.0,0.0,0.0,长宁路
麻辣香锅达人,美食,川菜,6.8,6.8,6.7,陆家嘴还路1400号
新石器烤肉(长宁龙之梦店),美食,烧烤,7.8,7.9,7.8,长宁路1018号龙之梦大厦7楼蓝中庭
s·box(正大广场店),购物,办公/文化用品,0.0,0.0,0.0,陆家嘴西路168号正大广场L3层3F77
Abercrombie&Fitch(国金中心店),购物,服饰鞋包,8.6,8.7,8.6,世纪大道8号国金中心商场LG1层
故乡屋(正大广场店),美食,韩国料理,6.5,6.7,6.6,陆家嘴西路168号正大广场B2楼大食代美食广场内
巴黎春天(中山公园店),购物,综合商场,6.7,6.4,6.4,长宁路823号
utc行家(龙之梦购物中心店),购物,综合商场,7.2,7.2,7.6,长宁路1018号龙之梦购物中心4楼
滋味轩(玫瑰坊店),美食,粤菜,6.0,5.7,5.4,长宁路890号玫瑰坊B1楼
上海国旅,生活服务,旅行社,0.0,0.0,0.0,世纪大道1号
小辉哥火锅(中山公园龙之梦购物...,美食,火锅,8.5,8.5,8.3,长宁路1018号中山公园龙之梦购物中心7楼
小拱猪,美食,贵州菜,6.9,6.9,6.9,延安东路隧道与陆家嘴西路交叉口南50米
避风塘(长宁龙之梦店),美食,粤菜,7.1,7.1,6.4,长宁路1018号龙之梦购物中心8楼
Body Soul 舞蹈工作室(中山公园...,运动健身,舞蹈,0.0,0.0,0.0,长宁路855号亨通国际15楼B室
galette(正大广场店),休闲娱乐,更多休闲娱乐,0.0,0.0,0.0,陆家嘴西路168号
FOREST ROSE森林玫瑰(玫瑰坊店),购物,更多购物场所,9.2,9.3,9.3,长宁路890号玫瑰坊1楼
花样年华,购物,花店,7.1,7.1,7.1,长宁路890号玫瑰坊3楼
翠华餐厅(长宁来福士店),美食,粤菜,0.0,0.0,0.0,长宁路1139号东区B106
WIN HOUSE(正大广场店),美食,西餐,8.5,8.6,8.6,正大广场陆家嘴西路168号1楼GF27
华为体验店,购物,数码产品,7.7,7.5,7.7,凯旋路来福士一楼
yoyo沙龙,丽人,美发,9.1,9.1,9.1,陆家嘴滨江大道2727号国际会议中心内东方滨江大酒店1号电梯直达九楼
忠良开锁换锁(龙之梦店),生活服务,开锁,0.0,0.0,0.0,长宁路1018号龙之梦广场地下两层B2家乐福寄包柜旁
上海浦东正大广场Basketball Jor...,购物,运动户外,7.9,8.1,7.8,陆家嘴西路168号正大广场5楼07-08A
瑞贝思专业脱毛沙龙(中山公园店),丽人,纹绣,9.4,9.4,9.5,汇川路99号新时空国际商务广场29楼2901室
美的(龙之梦购物中心店),购物,家居建材,0.0,0.0,0.0,长宁路1018号龙之梦购物中心B1楼
曼都发型(正大广场店),丽人,美发,8.6,8.9,8.7,陆家嘴西路168号正大广场B1西区18C号
北岛民宿,酒店,更多酒店住宿,0.0,0.0,0.0,长宁路城宁花苑小区
进口红酒批发零售,购物,食品茶酒,7.8,7.5,7.8,定西路1564弄1-5
绊Kizuha,休闲娱乐,酒吧,0.0,0.0,0.0,安化路565号
赤坂小亭(长宁龙之梦店),美食,烧烤,7.9,7.9,8.2,长宁路1018号龙之梦购物中心7楼7204-7205号
东方明珠城市广场,生活服务,商务楼,0.0,0.0,0.0,世纪大道1号东方明珠城市广场8号门
Ilnido,休闲娱乐,酒吧,0.0,0.0,0.0,长宁路890号玫瑰坊1层50号
星米休闲餐厅(上海浦东正大广场...,美食,火锅,7.4,7.4,7.3,陆家嘴西路168号正大广场b2层1A-01
上海国金汇服务式公寓,酒店,五星级/豪华型,9.2,8.7,8.8,世纪大道8号
年利达律师事务所(上海代表处),生活服务,更多生活服务,0.0,0.0,0.0,陆家嘴环路166号未来资产大厦29/30层
邦德物流有限公司,生活服务,物流快递,0.0,0.0,0.0,陆家嘴滨江大道
华阳路街道图书馆,休闲娱乐,文化艺术,0.0,0.0,0.0,安化路500号
舒施雅SPA养生会所,休闲娱乐,中医养生,0.0,0.0,0.0,银城中路200号中银大厦6楼(近延安路隧道浦东出口处）地铁2号线陆家嘴站3号出口直达
欧舒丹(国金中心商场店),丽人,化妆品,8.4,8.5,7.3,世纪大道8号国金中心商场LG2层
正大星美牛卡,休闲娱乐,游乐游艺,0.0,0.0,0.0,陆家嘴西路168号正大广场8层
快网网球俱乐部(陆家嘴店),运动健身,网球场,0.0,0.0,0.0,富城路33号香格里拉酒店4楼
苏宁积分机,生活服务,更多生活服务,0.0,0.0,0.0,上海长宁区长宁路1027号兆丰广场1层
乐鱼国际风尚露营,休闲娱乐,更多休闲娱乐,0.0,0.0,0.0,德必易园B座101室
Master piece,购物,食品茶酒,0.0,0.0,0.0,世纪大道8号上海国金中心商场3层
家华造型艺术专修学校(兆丰广场...,学习培训,职业技术,6.8,6.7,6.8,长宁路1027号兆丰广场3层
Mr&MrsFitness琦健身(兆丰广场店...,运动健身,健身中心,0.0,0.0,0.0,长宁路1027号兆丰广场6层
自鱿人(长宁龙之梦),购物,食品茶酒,7.1,6.8,6.5,长宁路1018号龙之梦购物B1
名甲物语(浦东丽思卡尔顿),丽人,美甲美睫,8.9,9.0,8.8,浦东丽思卡尔顿酒店55楼,陆家嘴世纪大道8号
PARKER(龙之梦购物中心店),购物,更多购物场所,7.3,7.2,7.3,长宁路1018号龙之梦购物中心1楼
朝日日语(中山公园中心),学习培训,外语培训,9.1,9.1,9.0,长宁路855号亨通国际大厦18楼
70后饭吧(长宁龙之梦店),美食,川菜,7.9,8.2,7.9,长宁路1018号中山公园龙之梦7楼
花音集(国金购物中心店),生活服务,花店,7.7,7.6,7.7,陆家嘴国金购物中心LG2
NBA(龙之梦购物中心店),购物,运动户外,7.5,6.1,6.1,长宁路1018号龙之梦购物中心5楼
彩花束(陆家嘴西路正大广场店),生活服务,花店,9.3,9.3,9.3,陆家嘴西路168号正大广场B2楼超市中门入口右侧
诗泥SPA(正大广场店),丽人,美容/SPA,9.0,9.0,8.9,陆家嘴西路168号（近东方明珠）正大广场7楼
city's super(国金中心商场店),购物,超市/便利店,8.6,8.7,8.2,世纪大道8号国金中心商场LG2层
水货SEAHOOD(长宁龙之梦店),美食,其他,7.6,8.4,8.3,长宁路1018号龙之梦购物中心梦6楼
CLARINS skin spa(国金中心商场...,丽人,美容/SPA,7.6,7.6,7.6,世纪大道8号国金中心商场LG1层
上海巴黎春天新世界酒店,酒店,五星级/豪华型,7.8,7.9,7.7,定西路1555号
醇品会明珠酒窖,学习培训,兴趣生活,0.0,0.0,0.0,丰和路1号港务大厦西裙房地下二层
LAWSON罗森(中银大厦店),购物,超市/便利店,6.9,6.7,6.6,银城中路200号1F
松沢屋,美食,日本菜,8.7,8.5,8.6,凯旋路166号2号楼2楼
SEPHORA(龙之梦购物中心店),丽人,化妆品,6.8,7.3,5.9,长宁路1018号龙之梦购物中心1楼
后Queen line高端半永久定妆中心...,丽人,纹绣,9.4,9.3,9.4,长宁路969弄兆丰花园1807室2号线7号口
Columbia(国金店),购物,运动户外,7.0,7.2,6.7,世纪大道8号国际金融中心B1楼
曹诺-亚洲钢管舞(上海总店),运动健身,舞蹈,0.0,0.0,0.0,凯旋路166号-1楼中山公园龙之梦汇川路大门
艾维庭美容纤体SPA(中山公园店),丽人,瘦身纤体,7.9,8.0,8.0,汇川路88号凯欣豪园B1楼
新东方前途出国浦东中心,生活服务,更多生活服务,0.0,0.0,0.0,银城中路200号30层
屈臣氏(正大广场店),购物,超市/便利店,6.8,6.4,6.2,陆家嘴西路168号（近东方明珠）正大广场B1楼
GU极优(龙之梦购物中心店),购物,服饰鞋包,8.9,9.0,9.0,长宁路1018号龙之梦购物中心B2楼
均和集团,学习培训,升学辅导,0.0,0.0,0.0,陆家嘴环路166号未来资产大厦27层c-d座
DSV,生活服务,公司企业,0.0,0.0,0.0,凯旋路369号龙之梦雅仕大厦
adidas(正大店),购物,运动户外,7.5,7.4,6.5,陆家嘴西路168号正大广场1楼1106室
辣翻天川菜馆,美食,川菜,0.0,0.0,0.0,陆家嘴环路1033号
星空琴行(龙之梦购物中心店),学习培训,音乐培训,7.0,7.1,7.1,长宁路1018号龙之梦购物中心5楼
ORIGINS(龙之梦购物中心店),购物,化妆品,7.9,8.0,7.8,长宁路1018号龙之梦购物中心1楼
猫家美甲美睫纹绣沙龙,丽人,纹绣,9.2,9.2,9.3,汇川路99号新时空广场5楼502室
办卡学习高尔夫球,运动健身,高尔夫场,0.0,0.0,0.0,陆家嘴东园路
MANGOSIX(龙之梦购物中心店),休闲娱乐,咖啡厅,7.7,7.8,7.9,长宁路1018号龙之梦购物中心1楼1075店铺
大阪好铁板(玫瑰坊店),美食,其他,6.8,6.8,6.8,长宁路890号玫瑰坊2楼
金福洗衣中心,生活服务,衣物/皮具洗护,0.0,0.0,0.0,新时空商务广场汇川路99号B1
必瘦站(龙之梦购物中心店),丽人,瘦身纤体,7.6,7.5,7.7,长宁路1018号龙之梦购物中心9楼
欧舒丹(国金中心商场店),购物,化妆品,8.4,8.5,7.3,世纪大道8号国金中心商场LG2层
摩睫社,丽人,纹绣,7.8,7.8,7.8,汇川路99号2120室
ubtv优宝小主播,学习培训,更多教育培训,0.0,0.0,0.0,长宁路855号17A
国际会议中心前面那个地洞,周边游,景点,6.9,6.9,6.9,滨江大道2789号
中国银行国际结算单证处理中心,生活服务,银行,0.0,0.0,0.0,中银大厦12楼
关西妈妈 Kansai Mama(国金中心...,美食,烧烤,6.8,6.9,6.8,世纪大道8号国金中心商场LG2层
FILA(龙之梦购物中心店),购物,运动户外,7.1,7.2,7.2,长宁路1018号龙之梦购物中心5楼
中山公园静庭民宿,酒店,更多酒店住宿,0.0,0.0,0.0,汇川路99号新时空国际商务广场
incoco(长宁龙之梦),丽人,美甲美睫,7.7,7.6,8.0,长宁路1018号3F-SPK14 三楼红中庭
LAMY(龙之梦购物中心店),购物,办公/文化用品,7.7,7.6,7.6,长宁路1018号龙之梦购物中心2楼
BOSE音响(正大广场店),购物,数码产品,8.9,8.9,8.9,陆家嘴西路168号正大广场4楼M06铺
innisfree(龙之梦购物中心店),购物,化妆品,7.7,7.9,7.2,长宁路1018号龙之梦购物中心1楼
ROCKPORT(长宁龙之梦店),周边游,展馆展览,0.0,0.0,0.0,长宁路1018号龙之梦购物中心4层
Chopard(国金中心商场店),购物,珠宝饰品,7.3,7.3,7.3,世纪大道8号国金中心商场1层
Hunter Gatherer 悦衡食集(国金...,美食,西餐,8.1,8.8,8.8,世纪大道8号国金中心商场4层
轻松一夏相约高尔夫,休闲娱乐,更多休闲娱乐,0.0,0.0,0.0,汇川路
学习打高尔夫球,运动健身,高尔夫场,0.0,0.0,0.0,汇川路
BALINI COFFEE,休闲娱乐,咖啡厅,7.7,7.7,7.9,长宁路1191号来福士广场01层09号
洛锋手工皮具,休闲娱乐,DIY手工坊,0.0,0.0,0.0,长宁路890号玫瑰坊1B58B号地铁2号线3号口
美国银行,生活服务,银行,0.0,0.0,0.0,陆家嘴环路1233号汇亚大厦16-17层
City Dance舞蹈会所(中山公园旗...,丽人,舞蹈,0.0,0.0,0.0,长宁路888弄15号兆丰嘉园会所
foreo(正大广场店),丽人,化妆品,6.5,6.4,6.3,陆家嘴西路168号（近东方明珠）正大广场1楼
中国电信宽带部,生活服务,通信营业厅,0.0,0.0,0.0,长宁路1077
Shanghai Flowers Line上海花行(...,购物,花店,7.7,7.7,7.7,世纪大道8号国金中心B1
泰谷泰国休闲餐厅(正大广场店),美食,东南亚菜,8.8,8.9,8.8,陆家嘴西路168号（近东方明珠）正大广场7楼
思波德洗衣(国金中心店),生活服务,衣物/皮具洗护,0.0,0.0,0.0,世纪大道8号上海IFC商场LG2-25号
美车堂(国金中心店),爱车,维修保养,0.0,0.0,0.0,世纪大道8号国金中心B1楼
KLSW皮具护理工坊,生活服务,衣物/皮具洗护,0.0,0.0,0.0,长宁路1018号B1楼
长宁区长宁业余进修学校,学习培训,职业技术,0.0,0.0,0.0,长宁路1302弄9号
上海龙之梦万丽酒店,酒店,高端酒店,8.2,8.3,8.1,长宁路1018号 ，近汇川路
MAC,购物,化妆品,5.7,5.5,5.1,汇川路68号
意味轩 SCENA(浦东丽思卡尔顿酒...,美食,西餐,8.5,9.3,9.1,世纪大道8号国金中心52楼丽思卡尔顿酒店
伊本造型(长宁来福士广场店),丽人,美发,9.4,9.4,9.4,长宁路1123号来福士广场E06层
JUN之舞者舞蹈工作室,丽人,舞蹈,0.0,0.0,0.0,长宁路855号14楼C座
瑞祥酒店式公寓,酒店,商务酒店,6.5,6.5,6.6,中山公园汇川路99号新时空国际商务广场809室
66大阪烧 串烧居酒屋,美食,烧烤,8.1,7.8,8.2,长宁路890号玫瑰坊二楼
申福饭店(汇川路店),美食,本帮江浙菜,7.2,6.4,6.7,汇川路448号
雞棧(玫瑰坊店),美食,粤菜,9.0,8.7,9.1,长宁路890号玫瑰坊2楼F73
王品牛排(上海正大广场店),美食,西餐,8.4,9.1,9.0,陆家嘴环路168号正大广场8F
乐行酒店式公寓,酒店,三星级/舒适型,0.0,0.0,0.0,汇川路99号25楼
美图手机(上海长宁小马路体验店),购物,数码产品,8.3,8.3,8.3,长宁路890-2号
港务大厦北楼,生活服务,商务楼,0.0,0.0,0.0,丰和路1号
曼陀罗鲜花店(汇川路店),购物,花店,7.4,7.2,7.5,汇川路406号
特色食品总汇,购物,家居建材,0.0,0.0,0.0,陆家嘴丰和路1号港务大厦西楼3329室
一代眼镜(中山公园龙之梦店),购物,眼镜店,7.5,7.5,7.4,长宁路1018号龙之梦购物中心B2楼
智源咖啡(中山公园店),休闲娱乐,咖啡厅,8.4,8.6,8.6,安化路492号易园
人气微整形医院,丽人,整形,0.0,0.0,0.0,凯旋路399号
山丘茶餐厅(龙之梦购物中心店),美食,粤菜,7.5,8.3,7.6,长宁路1018号龙之梦购物中心8楼
花王,购物,家居建材,7.0,6.9,7.0,世纪大道8号国金中心B2楼CITY SUPER内
航空机票代售点(长宁路),生活服务,售票点,0.0,0.0,0.0,长宁路1245-1249号
东方明珠公园,周边游,景点,6.9,6.9,6.9,滨江大道2525弄5-25号
东方明珠广播电视塔2号售票处,生活服务,售票点,0.0,0.0,0.0,世纪大道1号东方明珠广播电视塔
阿姨面馆,美食,面馆,7.5,7.2,7.5,宁康路1302弄73支弄12号1楼
申佳减肥医生的店(中山公园店),丽人,瘦身纤体,9.3,9.2,9.4,长宁路982号花园大厦6楼6B
MTM Custom-Blended Skincare(国...,丽人,美容/SPA,7.6,7.6,7.4,世纪大道8号国金中心商场L2-17-1店
爱冠数码科技有限公司,生活服务,手机维修,0.0,0.0,0.0,安化路535号
泰拳boxing私教训练室,运动健身,健身中心,0.0,0.0,0.0,长宁路988号花园大厦10楼
寰际教育,学习培训,留学,8.4,8.4,8.4,长宁路1189号来福士广场T2座1901单元
本本元家(正大广场),丽人,美发,0.0,0.0,0.0,陆家嘴西路168号正大广场L2层
博多口腔,医疗健康,齿科,9.2,9.2,9.2,长宁路855号亨通国际14楼A座
私房甜品站,美食,其他,6.8,6.8,6.8,长宁路1018号龙之梦购物中心B1层
上海秉禹投资咨询有限公司,生活服务,公司企业,0.0,0.0,0.0,世纪大道辅路
不二烫捞,美食,小吃快餐,7.0,7.6,7.5,长宁路1193号来福士东区6楼21C
天地华宇,生活服务,物流快递,0.0,0.0,0.0,凯旋路468号
小南国-停车场,爱车,停车场,0.0,0.0,0.0,汇川路
SUPRIZE FITNESS,运动健身,健身中心,0.0,0.0,0.0,花园石桥路66号东亚银行大厦裙楼6楼
百丽宫影城(ifc商场店),电影演出赛事,电影院,0.0,0.0,0.0,陆家嘴世纪大道8号上海国金中心商场LG1-LG2层
长福海运有限公司,生活服务,物流快递,0.0,0.0,0.0,丰和路1号港务大厦南楼17层
神州租车(东方明珠店),爱车,汽车租赁,0.0,0.0,0.0,丰和路明珠塔路路口西侧神州租车门店
亨通国际大厦,生活服务,商务楼,0.0,0.0,0.0,长宁路855号
NEW BALANCE(龙之梦购物中心店),购物,运动户外,7.5,7.3,7.5,长宁路1018号龙之梦购物中心5楼
荣和堂(上海国际金融中心),购物,食品茶酒,0.0,0.0,0.0,世纪大道8号LG2荣和堂专柜
玩具反斗城(龙之梦购物中心店),购物,亲子购物,0.0,0.0,0.0,长宁路1018号龙之梦购物中心6楼
每日新鲜juice bar(陆家嘴店),休闲娱乐,酒吧,0.0,0.0,0.0,陆家嘴东路与陆家嘴环路交叉口西50米
上海城市历史发展陈列馆,休闲娱乐,文化艺术,9.3,9.2,9.1,世纪大道1号东方明珠广播电视塔零米大厅内
宏远时代体育篮球足球击剑培训,运动健身,篮球场,0.0,0.0,0.0,长宁路1012号
新时空洗衣,生活服务,衣物/皮具洗护,0.0,0.0,0.0,汇川路99号新时空国际商务广场B1楼
PANKOO釜山料理(国金中心商场店),美食,韩国料理,7.7,8.2,7.7,世纪大道8号国金中心商场4层
Fresh(正大广场店),丽人,化妆品,7.9,7.9,7.3,陆家嘴西路168号正大广场一楼01FL34
金宝贝(正大广场店),购物,亲子购物,0.0,0.0,0.0,陆家嘴西路168号6F64
新中方针灸火罐减肥(中山公园店),丽人,瘦身纤体,9.0,8.6,9.1,长宁路988号花园大厦704A室
卡洛琳专业韩式半永久纹绣定妆,丽人,纹绣,8.8,8.8,8.8,长宁路1277号中山公寓23号楼1904室
中共上海市委党校(第四分校),学习培训,教育院校,7.0,7.0,7.0,凯旋路30号
Hello Kitty(长宁龙之梦店),购物,亲子购物,0.0,0.0,0.0,长宁路1018号龙之梦购物中心6楼
好孩子(龙之梦购物中心店),购物,亲子购物,0.0,0.0,0.0,长宁路1018号龙之梦购物中心6楼
龙之梦万丽酒店青餐厅,美食,海鲜,7.7,9.0,8.7,长宁路1018号龙之梦万丽酒店26楼
蟹先生和渔小姐海鲜自助(龙之梦...,美食,自助餐,8.2,8.3,8.3,长宁路1018号龙之梦购物中心3楼
鹿港小镇(正大广场店),美食,台湾菜,7.6,7.8,7.7,陆家嘴西路168号（近东方明珠）正大广场8楼
林银杏(国金中心店),购物,食品茶酒,7.5,7.3,7.3,国金中心LG2楼city'super内
昂立英语(中山公园校区),学习培训,外语培训,7.5,7.5,7.4,长宁路1027号兆丰广场6层
apm monaco,购物,珠宝饰品,5.8,5.8,5.8,长宁路1191号来福士广场一楼
UR,购物,服饰鞋包,7.9,7.9,7.4,中山公园龙之梦3楼
雅瓷(正大广场专柜),休闲娱乐,文化艺术,0.0,0.0,0.0,陆家嘴西路168号正大广场2楼东区
华都ktv,休闲娱乐,更多休闲娱乐,0.0,0.0,0.0,凯旋路369号
奇人异事馆,周边游,景点,0.0,0.0,0.0,滨江大道2789号外滩观光隧道B2楼
时尚数码,生活服务,快照/冲印,0.0,0.0,0.0,小马路中山公园站
Annvita tea room,美食,粤菜,7.4,7.4,7.1,世纪大道8号上海国金中心商场4层
Coffee Passionate(国金中心商场...,休闲娱乐,咖啡厅,7.2,7.4,7.6,世纪大道8号国金中心商场LG2层
aMaze真人密室逃脱,休闲娱乐,密室,0.0,0.0,0.0,凯旋路556号
维刊网球俱乐部(圣约瀚店),运动健身,网球场,0.0,0.0,0.0,长宁路1188号圣约瀚名邸会所
全家便利店(长宁店),购物,超市/便利店,7.9,7.9,7.8,长宁路1158号
塔哈尔(中山公园店),美食,新疆菜,8.1,8.6,8.4,长宁路1018号龙之梦购物中心红中庭7楼
NITORI 家具&家居(中山公园店),购物,家居建材,7.9,8.0,7.8,长宁路999号兆丰广场2-3楼
刘园,美食,其他,6.6,6.4,6.5,长宁路999号1b
屈臣氏(正大广场店),丽人,化妆品,6.8,6.4,6.2,陆家嘴西路168号（近东方明珠）正大广场B1楼
思家国际服务公寓(新加坡国际服...,酒店,经济型,7.6,7.6,7.1,汇川路99号新时空国际商务广场921室
大众点评网,生活服务,网站,0.0,0.0,0.0,www.dianping.com
飞利浦(龙之梦购物中心店),购物,数码产品,6.6,6.9,6.9,长宁路1018号龙之梦购物中心B1楼
caudalie欧缇丽,购物,化妆品,7.3,7.3,7.3,世纪大道8号国金中心LG2-7商铺
兴智文教,学习培训,更多教育培训,7.0,7.0,7.0,长宁路982号花园大厦605室
优帕克服务式公寓(凯欣豪苑店),酒店,三星级/舒适型,6.5,6.5,6.6,汇川路88弄
学习打高尔夫球,休闲娱乐,更多休闲娱乐,0.0,0.0,0.0,汇川路
奢家二手奢侈品回收寄卖(中山公...,购物,珠宝饰品,0.0,0.0,0.0,长宁路1018号龙之梦大厦2421B室
环球雅思学校(长宁旗舰校区),学习培训,留学,5.7,5.8,5.7,长宁路1027号兆丰广场8楼
亮视点(国金中心商场店),购物,眼镜店,9.2,9.2,9.1,世纪大道8号国金中心商场LG2层
蝶专业按摩(汇川路店),休闲娱乐,足疗按摩,0.0,0.0,0.0,汇川路88弄凯兴豪园底商
世系金融信息服务有限公司,爱车,维修保养,0.0,0.0,0.0,陆家嘴银城中路168号上海银行大厦
天雨女子瑜伽馆,运动健身,瑜伽,0.0,0.0,0.0,凯旋路166号5楼
彩花束(陆家嘴西路正大广场店),购物,花店,9.3,9.3,9.3,陆家嘴西路168号正大广场B2楼超市中门入口右侧
霸能,运动健身,更多运动场馆,0.0,0.0,0.0,陆家嘴正大广场4楼
PizzaExpress 马上诺(IFC 国金中...,美食,西餐,8.8,9.0,8.6,世纪大道8号陆家嘴国金中心A座B1楼LG1-40室
台北牛肉面,美食,面馆,0.0,0.0,0.0,长宁路1018号龙之梦购物中心B1层
中欧陆家嘴国际金融研究院,生活服务,政府机构,0.0,0.0,0.0,滨江大道2525弄15号;东园路36B号
风蝶网咖定西路店,休闲娱乐,网吧网咖,0.0,0.0,0.0,定西路1550号三楼
海上渔家(龙之梦购物中心店),美食,海鲜,7.2,7.4,7.1,长宁路1018号龙之梦购物中心8楼
嘉艳图文(数码快印),生活服务,快照/冲印,0.0,0.0,0.0,陆家嘴环路1000号
K BEAUTY NAIL&EYELASH(中山公园...,丽人,美甲美睫,9.3,9.3,9.4,汇川路88弄凯欣豪园底商86-2号
ALPHA EDEN(正大店),酒店,更多酒店住宿,0.0,0.0,0.0,陆家嘴西路168号正大广场2楼Sallyhansen专柜
满记甜品(正大广场店),美食,面包甜点,7.3,6.8,6.7,陆家嘴西路168号（近东方明珠）正大广场5楼
打铁骑团,运动健身,更多运动场馆,0.0,0.0,0.0,中山公园内
老上海8号餐厅,美食,本帮江浙菜,7.3,8.0,7.1,世纪大道1号东方明珠8号门
世纪金盆大酒店,酒店,三星级/舒适型,0.0,0.0,0.0,丰和路一号港务大厦一楼
Berrymay健康管理(中山公园店),丽人,美容/SPA,9.2,9.1,9.1,长宁路855号亨通国际大厦8楼C座
上关雪创意东北菜(龙之梦购物中...,美食,东北菜,7.7,8.6,8.2,长宁路1018号龙之梦购物中心8楼
奥德德语培训中心(长宁校区),学习培训,外语培训,0.0,0.0,0.0,长宁路1027号兆丰广场8层
万丈网络公司,休闲娱乐,网吧网咖,0.0,0.0,0.0,长宁路1193号凯德来福士广场T3座1606室
Sunglass hut(正大广场店),购物,眼镜店,7.7,7.2,7.7,陆家嘴西路168号（近东方明珠）正大广场3楼
零雨防水工程有限公司,生活服务,公司企业,0.0,0.0,0.0,中山公园
昭君时尚纹绣·中国纹绣名店(中...,丽人,纹绣,8.6,8.3,8.6,汇川路99号新时空国际广场3楼314室
博涛资本,学习培训,更多教育培训,0.0,0.0,0.0,银城中路168号上海银行大厦A4楼
熊本熊酷ma萌授权专卖店(正大广...,购物,办公/文化用品,8.6,8.1,8.4,陆家嘴西路168号正大广场四楼玩具反斗城门口
博士伦,购物,眼镜店,0.0,0.0,0.0,长宁路1018号龙之梦购物中心F1
英氏婴幼装专卖(正大广场店),购物,亲子购物,0.0,0.0,0.0,陆家嘴西路168号正大广场6楼
弗瑞博撞球会所,运动健身,桌球馆,0.0,0.0,0.0,汇川路450号凯旋坊2楼
曼都发型(正大广场店),丽人,美甲美睫,8.6,8.9,8.7,陆家嘴西路168号正大广场B1西区18C号
香格里拉大堂酒廊(富城路店),美食,咖啡厅,7.0,7.7,7.2,富城路33号香格里拉大酒店浦江楼1楼
欢乐桑拿水疗,休闲娱乐,更多休闲娱乐,0.0,0.0,0.0,汇川路
上海港码头管理中心(滨江大道),生活服务,政府机构,0.0,0.0,0.0,丰和路1号港务大厦南楼13层、北楼9层
一兆韦德健身(中山公园店),运动健身,健身中心,0.0,0.0,0.0,长宁路1018号龙之梦广场12楼
博彩图文快印,生活服务,快照/冲印,0.0,0.0,0.0,陆家嘴东园路
freeplus(正大店),购物,化妆品,6.9,7.0,6.9,陆家嘴西路168号正大广场B1楼屈臣氏内
童鞋汇(正大广场店),购物,亲子购物,0.0,0.0,0.0,陆家嘴西路168号正大广场6楼
kiehl's科颜氏(上海龙之梦店),购物,化妆品,8.6,8.8,7.6,长宁路1018号龙之梦购物中心一层1046室
上海书城(长宁店),购物,书店,7.5,7.2,7.0,长宁路1057号
食天下-维C天地,美食,湘菜,6.9,6.9,6.8,陆家嘴环路166号未来资产大厦B3层
亲子乐园旅行社有限公司,生活服务,旅行社,0.0,0.0,0.0,长宁路780号中山公园内
凯宾斯基行政餐厅,美食,自助餐,7.1,7.4,7.4,上海浦东新区陆家嘴环路1288号28层
中山公园游泳健身瑜伽舞蹈会所,运动健身,游泳馆,0.0,0.0,0.0,汇川路88号
Forest Rose Afternoon Tea,美食,咖啡厅,7.5,8.9,8.2,长宁路890号玫瑰坊1F-72
jason杰森健身会所(总部),运动健身,健身中心,0.0,0.0,0.0,陆家嘴金融贸易区
茂昌眼镜(长宁龙之梦店),购物,眼镜店,8.1,8.1,7.4,长宁路1018号龙之梦购物中心2楼2010室
axes femme(长宁来福士店),购物,服饰鞋包,7.7,7.7,7.7,长宁路1191号E04-04号来福士4楼
teenie weenie cafe(正大广场店),美食,咖啡厅,7.2,8.1,7.3,陆家嘴西路168号（近东方明珠）正大广场2楼
高尔夫商务学习,运动健身,高尔夫场,0.0,0.0,0.0,宁康路
四斋蒸鹅心vr体验馆,休闲娱乐,游乐游艺,0.0,0.0,0.0,长宁路花园大厦B座5楼
PARKER(龙之梦购物中心店),购物,办公/文化用品,7.3,7.2,7.3,长宁路1018号龙之梦购物中心1楼
卜蜂莲花(正大广场店),购物,超市/便利店,7.1,7.0,6.6,陆家嘴西路168号（近东方明珠）正大广场B2楼
瑾萱花屋(中山公园店),生活服务,花店,7.9,7.9,7.9,长宁路1018号
成都创意美食(龙之梦购物中心店),美食,其他,6.9,6.9,6.9,长宁路1018号龙之梦购物中心7楼
Nice Salon(中山公园店),丽人,美发,9.4,9.4,9.4,汇川路99号新时空国际商务广场上岛咖啡楼上2301室
珍面轩(国金中心商场店),美食,面馆,7.0,7.0,6.8,世纪大道8号国金中心商场LG2层
ROG玩家国度(正大店),购物,数码产品,7.8,7.8,7.8,陆家嘴西路正大广场4楼4FM31
艾薇美甲.美睫,丽人,美甲美睫,9.2,9.2,9.3,汇川路99号新时空国际商务广场3楼317室
好吃的鱼火锅(长宁路),美食,火锅,6.9,6.9,6.9,长宁路1018龙之梦购物中心
Dior(正大广场店),购物,化妆品,7.4,7.2,7.2,陆家嘴西路168号正大广场1楼
瑞贝思专业脱毛沙龙(中山公园店),丽人,美容/SPA,9.4,9.4,9.5,汇川路99号新时空国际商务广场29楼2901室
中国肚皮舞协会上海教练总部(长...,运动健身,舞蹈,0.0,0.0,0.0,凯旋路166号一楼龙之梦购物中心汇川路大门
电信企业宽带来福士受理点,生活服务,通信营业厅,0.0,0.0,0.0,长宁路1139号
金豪国际桑拿会所,休闲娱乐,洗浴,0.0,0.0,0.0,银城中路168-401号
兆丰广场停车场,爱车,停车场,0.0,0.0,0.0,汇川路134号140号
小猪猪(正大广场店),美食,烧烤,8.1,8.2,8.8,陆家嘴西路168号（近东方明珠）正大广场8楼
布歌东京(国际金融中心IFC店),美食,面包甜点,8.5,8.1,7.9,世纪大道8号国际金融中心商场地下二层LG2-A-3号铺
万向区块链实验室,学习培训,更多教育培训,0.0,0.0,0.0,陆家嘴街道陆家嘴西路99号万向大厦21楼
晋成驾校,学习培训,驾校,0.0,0.0,0.0,凯旋路516号
中国瑜伽联盟上海教练总部(长宁...,丽人,瑜伽,0.0,0.0,0.0,凯旋路166-3号中山公园龙之梦凯旋路大门
链家(华宁国际店),生活服务,房屋地产,0.0,0.0,0.0,上海市长宁区定西路1511-1号
谷老师学堂(长宁校区),学习培训,升学辅导,7.1,7.1,7.2,长宁路1158号贝多芬广场522室
宽途汽车·车舞堂汽车用品有限公...,爱车,洗车,0.0,0.0,0.0,凯旋路602号近武夷路
食之秘(龙之梦购物中心店),美食,东南亚菜,7.9,7.5,7.4,长宁路1018号龙之梦购物中心B1楼
XTOP,休闲娱乐,更多休闲娱乐,0.0,0.0,0.0,陆家嘴西路168号正大广场4楼
GaGa Dance舞蹈会所(长宁店),丽人,舞蹈,0.0,0.0,0.0,汇川路458号
上海象合文化传播有限公司,生活服务,公司企业,0.0,0.0,0.0,长宁路969号1303
车速递租车(中山公园服务点),爱车,汽车租赁,0.0,0.0,0.0,长宁路1018号龙之梦购物中心后门
侬侬婚恋,生活服务,快照/冲印,0.0,0.0,0.0,长宁路855号亨通国际大厦15层B
THINKPAD(正大广场店),生活服务,电脑维修,0.0,0.0,0.0,陆家嘴西路168号正大广场4楼
freeplus(正大店),丽人,化妆品,6.9,7.0,6.9,陆家嘴西路168号正大广场B1楼屈臣氏内
i.t(龙之梦购物中心店),购物,服饰鞋包,6.9,6.8,6.4,长宁路1018号龙之梦购物中心2楼
京世沙龙(中山公园店),丽人,美发,7.9,7.8,7.8,长宁路1158号贝多芬广场A座2楼209室
NAPOLEON CAFE 拿破仑(正大广场...,美食,咖啡厅,8.5,8.5,9.0,陆家嘴西路168号（近东方明珠）正大广场B2楼
大食代(麻辣香锅店),美食,川菜,7.4,7.4,7.4,陆家嘴西路168号B2-25室
嗨锅(中山公园店),美食,火锅,8.1,7.5,7.6,定西路1550号2楼
Fook Ming Tong,美食,东南亚菜,0.0,0.0,0.0,陆家嘴世纪大道八号上海国金中心商场LG1
柏斯琴行(多媒体店),学习培训,音乐培训,7.7,7.6,7.6,长宁路999号兆丰广场3楼
清格茶寮,休闲娱乐,茶馆,0.0,0.0,0.0,凯旋路399号雅士大厦旁
凯旋坊创意园区,周边游,景点,6.9,6.9,6.9,凯旋路166号
滨江休闲街,美食,其他,0.0,0.0,0.0,富城路
Godiva(IFC商场),美食,面包甜点,8.0,7.8,7.1,陆家嘴世纪大道8号国际金融中心B2楼LG2-30号店
crystal江铃股权投资公司,生活服务,公司企业,0.0,0.0,0.0,陆家嘴环路166号未来资产大厦20楼
中山大搂,生活服务,小区,0.0,0.0,0.0,定西路1507号
上海巴黎春天新世界酒店,酒店,高端酒店,7.8,7.9,7.7,定西路1555号
元素西餐厅(陆家嘴店),美食,西餐,7.7,9.0,8.7,陆家嘴环路1288号上海凯宾斯基大酒店1楼
詹姆士芝士排骨(龙之梦购物中心...,美食,韩国料理,7.6,7.8,7.9,长宁路1018号龙之梦购物中心6楼
3D JP 拼图专卖店,购物,更多购物场所,7.7,7.7,7.7,长宁路1123号长宁来福士东区E-06-31
名甲物语(正大广场店),丽人,美甲美睫,9.2,9.2,9.3,陆家嘴西路168号（近东方明珠）正大广场B2楼
I GOLD(中山公园龙之梦店),购物,珠宝饰品,7.6,7.6,7.3,长宁路1018号龙之梦购物中心2楼
一風堂拉面(国金中心商场店),美食,日本菜,7.8,7.7,7.9,世纪大道8号国金中心商场LG1层
金水尊庭(定西路店),休闲娱乐,足疗按摩,0.0,0.0,0.0,定西路1313号鑫茂商厦4楼
近水平台,周边游,景点,6.9,6.9,6.9,陆家嘴中心绿地内
喜多屋国际海鲜料理(正大店),美食,自助餐,6.7,7.1,6.3,陆家嘴西路168号正大广场7楼04-06号铺
苹果零售店,购物,数码产品,0.0,0.0,0.0,长宁路986号老国美电器1楼
小鱼,美食,东北菜,0.0,0.0,0.0,宁康路
东方明珠景观旋转餐厅,美食,自助餐,6.5,8.3,7.0,世纪大道1号
陆家嘴东方明珠温馨两居,酒店,更多酒店住宿,0.0,0.0,0.0,潍坊路355弄9号源竹小区
4inlook美目美佳隐形眼镜店(正大...,购物,眼镜店,8.4,8.4,8.1,陆家嘴西路168号（近东方明珠）正大广场5楼
允正律师事务所,生活服务,更多生活服务,0.0,0.0,0.0,定西路1279号名光大厦
魔宫,休闲娱乐,桌面游戏,0.0,0.0,0.0,长宁路988号
乐忻经典(长宁来福士店),美食,东南亚菜,8.4,8.4,8.6,长宁路1123号长宁来福士广场05层40号
信达地产,生活服务,房屋地产,0.0,0.0,0.0,陆家嘴环路166号未来资产大厦10d
Charles & Keith(正大广场店),购物,服饰鞋包,7.5,7.8,7.5,陆家嘴西路168号（近东方明珠）正大广场3楼
Paul Lafayet(国金中心商场店),美食,面包甜点,8.4,8.2,8.4,世纪大道8号国金中心商场LG2层
G.Flower鲜花港(中山公园店),购物,更多购物场所,9.2,9.1,9.2,汇川路464号
龙腾泉高端会所,休闲娱乐,足疗按摩,0.0,0.0,0.0,富城路7号
大嘴猴(龙之梦店),生活服务,更多生活服务,0.0,0.0,0.0,长宁路1018号龙之梦购物中心3楼3002号铺
四维VR虚拟现实游戏体验馆(中山...,休闲娱乐,VR,0.0,0.0,0.0,中山公园地铁站长宁路988号花园大厦5楼B座
明翼舞蹈会所(正大广场店),运动健身,舞蹈,0.0,0.0,0.0,陆家嘴西路168号7楼
言几又,休闲娱乐,文化艺术,0.0,0.0,0.0,长宁路1191号长宁来福士广场西区1层
香格里拉酒店健身中心,运动健身,健身中心,0.0,0.0,0.0,富城路33号
索尼笔记本电脑售后中心(武夷路...,生活服务,电脑维修,0.0,0.0,0.0,定西路1503号
任家台旅游纪念品购物市场,购物,特色集市,7.0,7.0,7.0,日照东港区度假村
COSTA COFFEE(上海银行大厦店),休闲娱乐,咖啡厅,7.1,7.0,7.0,银城中路168号一楼大堂西区部分
亲子屋和风丼飯料理,美食,小吃快餐,6.4,7.0,6.7,世纪大道8号国金中心商场LG2-C-3
金榜小班英才进修学院,学习培训,升学辅导,0.0,0.0,0.0,长宁路855号亨通国际大厦14层
威尔士健身(凯欣豪园店),运动健身,游泳馆,0.0,0.0,0.0,中山公园长宁路712弄凯欣豪园
昂立日语(长宁总校),学习培训,外语培训,8.1,8.2,8.3,长宁路855号亨通国际大厦16楼A单元
中国银行(陆家嘴支行),生活服务,银行,0.0,0.0,0.0,中银大厦1楼
打印机传真机加粉加墨,购物,办公/文化用品,0.0,0.0,0.0,长宁路1234号
huax,医疗健康,其他医疗,0.0,0.0,0.0,中国上海市长宁区汇川路99号
西贝莜面村(上海中山公园店),美食,西北菜,8.6,8.7,8.7,长宁路1018号龙之梦购物中心6层6089/6091
自贸区进口食品特卖,购物,食品茶酒,0.0,0.0,0.0,长宁路823号巴黎春天B2
新世界教育(中山公园校区),学习培训,外语培训,7.4,7.4,7.2,长宁路855号亨通国际大厦5楼
热水器修理(能率厂家店),生活服务,更多生活服务,0.0,0.0,0.0,陆家嘴西路168号正大广场2F西厅
Apple授权服务商-百华悦邦(上海...,生活服务,手机维修,0.0,0.0,0.0,长宁路855号亨通国际大厦9楼C座
余祖萍专业经络瘦身(长宁路店),丽人,产后塑形,9.0,8.1,9.0,汇川路99号新时空国际商务广场1314室
汇亚大厦,生活服务,商务楼,0.0,0.0,0.0,陆家嘴环路1233号
FORU(正大广场店),购物,家居建材,0.0,0.0,0.0,陆家嘴西路168号正大广场6楼
太平洋车险(银城中路店),爱车,汽车保险,0.0,0.0,0.0,银城中路190号
俏江南(正大广场店),美食,川菜,7.4,8.1,7.4,陆家嘴西路168号（近东方明珠）正大广场10楼
小胖子妈妈脱毛中心(长宁新时空...,丽人,纹绣,9.2,9.1,9.0,汇川路99号新时空广场1517室
SalvatoreFerragamo(国金中心商...,购物,更多购物场所,8.4,8.6,7.5,世纪大道8号国金中心商场1层
交通银行,生活服务,银行,0.0,0.0,0.0,长宁路1018号龙之梦购物中心(长宁店)B2层
ALL STAR,休闲娱乐,私人影院,0.0,0.0,0.0,长宁路花园大厦5楼
上海浦东香格里拉大酒店,酒店,五星级/豪华型,8.4,8.8,8.4,富城路33号
广涌展览展示制作有限公司,生活服务,快照/冲印,0.0,0.0,0.0,长宁路1027号上海多媒体产业园1707室
玛雅酒店式公寓,酒店,公寓式酒店,6.7,6.9,6.8,汇川路99号新时空国际商务广场19楼
米艺茶香(正大广场店),美食,其他,0.0,0.0,0.0,陆家嘴西路168号正大广场5楼
汽车配匙(换电池帮电),爱车,维修保养,0.0,0.0,0.0,宁康路
美丽田园(金茂店),丽人,瘦身纤体,9.2,9.3,9.3,世纪大道88号金茂大厦裙楼4N01-4N05室
上海龙之梦万丽酒店,酒店,五星级/豪华型,8.2,8.3,8.1,长宁路1018号 ，近汇川路
飘六乌冬面(上海国金中心商场),美食,面馆,0.0,0.0,0.0,陆家嘴世纪大道8号LG2层LG2-C2
LELECHA乐乐茶(中山公园龙之梦店...,美食,面包甜点,8.2,8.1,7.9,长宁路1018号
Sigikid(国金中心商场店),购物,亲子购物,0.0,0.0,0.0,世纪大道8号国金中心商场3层
鸡锦日式炭烧料理店(玫瑰坊店),美食,日本菜,8.0,7.5,7.9,长宁路890号玫瑰坊2楼
GUCCI,丽人,化妆品,0.0,0.0,0.0,长宁路1018号龙之梦购物中心F1
Skechers(正大广场店),购物,运动户外,7.8,7.6,7.5,陆家嘴西路168号（近东方明珠）正大广场1楼
上海兰焜微软专卖(正大广场店),购物,数码产品,7.3,7.3,7.0,陆家嘴西路168号（近东方明珠）正大广场4楼
LANEIGE兰芝(上海正大广场旗舰店...,购物,化妆品,7.8,7.8,7.7,上海市浦东新区陆家嘴西路168号GF-08
华阳街道派出所,生活服务,政府机构,0.0,0.0,0.0,定西路1301号
玛托,休闲娱乐,酒吧,0.0,0.0,0.0,陆家嘴西路168号正大广场L1层G27
星巴克(正大2店),休闲娱乐,咖啡厅,7.2,7.0,7.0,陆家嘴西路168号1F
SEPHORA(正大广场店),购物,化妆品,6.7,6.5,6.0,陆家嘴西路168号（近东方明珠）正大广场1楼
谢瑞麟(龙之梦购物中心店),购物,珠宝饰品,0.0,0.0,0.0,长宁路1018号龙之梦购物中心2楼2002室
Step Up舞蹈工作室,运动健身,健身中心,0.0,0.0,0.0,长宁路780号中山公园内
巴黎春天新世界酒店浓咖啡,美食,海鲜,6.9,7.7,7.4,定西路1555号酒店2楼
TIFFANY&CO(国金中心店),购物,珠宝饰品,0.0,0.0,0.0,世纪大道8号上海国金中心首层L1-28商铺
功夫熊猫传奇·主题特展,周边游,旅游其他,6.9,6.9,6.9,世纪大道1号东方明珠城市广场
辛都麻辣香锅(来福士店),美食,川菜,7.2,7.6,7.3,长宁路1189号来福士广场东区06层21E号
VITAMIX食物料理机,购物,家居建材,7.1,7.0,7.0,世纪大道8号上海国金中心B2楼Citysuper超市内
方糖小镇中山公园社区(兆丰广场...,生活服务,商务楼,0.0,0.0,0.0,长宁路1027号兆丰广场4层
桌球,运动健身,桌球馆,0.0,0.0,0.0,汇川路15号
Hatsune隐泉日式料理(国金中心商...,美食,日本菜,8.3,8.2,7.9,世纪大道8号国金中心商场LG1层
Baker&Spice(国金中心商场店),美食,面包甜点,7.4,7.4,7.1,世纪大道8号国金中心商场LG1层LG1-16-2
上海海洋水族馆,酒店,商务酒店,6.8,6.8,5.9,陆家嘴环路1388号
GaGa Yoga瑜伽会所(中山公园地铁...,丽人,瑜伽,0.0,0.0,0.0,凯旋路166号凯旋坊1楼
YESSAT,学习培训,留学,7.1,7.1,7.0,长宁路1027号兆丰广场20层
星巴克(长宁来福士t3店),休闲娱乐,咖啡厅,7.7,7.6,7.5,长宁路1139号长宁来福士1楼
星巴克(东方明珠店),美食,咖啡厅,7.9,7.9,7.5,浦东新区世纪大道1号广场1号铺位
玫瑰坊,购物,综合商场,6.5,6.7,6.2,长宁路890号
周生生珠宝(正大广场店),购物,珠宝饰品,0.0,0.0,0.0,陆家嘴西路168号（近东方明珠）正大广场1楼
画画水族馆,周边游,动植物园,0.0,0.0,0.0,陆家嘴西路168号正大广场6楼
初见(龙之梦购物中心店),美食,粤菜,7.3,7.7,7.4,长宁路1018号龙之梦购物中心8楼
星享乐Life de Pleasure(龙之梦...,美食,西餐,7.6,8.3,7.8,长宁路1018号龙之梦购物中心7楼
中国工商银行atm,生活服务,银行,0.0,0.0,0.0,凯旋路圣约瀚名邸东
GaGa Yoga瑜伽会所(中山公园地铁...,运动健身,瑜伽,0.0,0.0,0.0,凯旋路166号凯旋坊1楼
小胖子妈妈脱毛中心(长宁新时空...,丽人,美容/SPA,9.2,9.1,9.0,汇川路99号新时空广场1517室
大学美术学院画廊,周边游,展馆展览,0.0,0.0,0.0,凯旋路30号
美丽田园(龙之梦购物中心店),丽人,美容/SPA,9.2,9.1,9.2,长宁路1123号长宁来福士商场东区E6楼-30号商铺
安园养生,休闲娱乐,足疗按摩,0.0,0.0,0.0,汇川路与长宁路交叉口向东50米路北
mrx狼人俱乐部(好乐迪中山公园店...,休闲娱乐,桌面游戏,0.0,0.0,0.0,长宁路999号多媒体生活广场4楼好乐迪内
Sunflour(正大广场店),美食,面包甜点,8.5,8.2,8.2,陆家嘴西路168号（近东方明珠）正大广场B2楼
集媄堂美甲(正大广场店),丽人,美甲美睫,7.4,7.4,7.5,陆家嘴西路168号正大广场2F
中山公园-地铁站,生活服务,交通,0.0,0.0,0.0,长宁路、凯旋路
智源咖啡(中山公园店),美食,咖啡厅,8.4,8.6,8.6,安化路492号易园
丽思卡尔顿酒吧,休闲娱乐,酒吧,0.0,0.0,0.0,世纪大道8号,上海国金中心,上海浦东丽思卡尔顿酒店58层
物流年鉴编纂委员会,学习培训,更多教育培训,0.0,0.0,0.0,东园路36号
成思双语篮球班,运动健身,篮球场,0.0,0.0,0.0,长宁路888弄兆丰嘉园15号会所B2
Anteprima(国金中心商场店),购物,综合商场,0.0,0.0,0.0,世纪大道8号国金中心商场3层
未来资产大厦,爱车,停车场,0.0,0.0,0.0,陆家嘴环路166号未来资产大厦
LAMY(龙之梦购物中心店),购物,更多购物场所,7.7,7.6,7.6,长宁路1018号龙之梦购物中心2楼
H&M(龙之梦购物中心店),购物,服饰鞋包,6.4,6.5,6.0,长宁路1018号龙之梦购物中心1楼
名创优品(上海正大广场店),购物,更多购物场所,7.4,7.3,7.1,陆家嘴正大广场5楼
谷田稻香(浦东正大店),美食,小吃快餐,7.4,7.4,7.5,陆家嘴西路168号正大广场室内B2层H3
四维VR虚拟现实游戏体验馆(中山...,休闲娱乐,游乐游艺,0.0,0.0,0.0,中山公园地铁站长宁路988号花园大厦5楼B座
meetlove 遇到爱花店(陆家嘴环路...,生活服务,花店,0.0,0.0,0.0,陆家嘴环路1218号铺
GaGa Dance舞蹈会所(中山公园龙...,丽人,舞蹈,0.0,0.0,0.0,凯旋路200号一楼
HEY JUICE茶桔便(龙之梦购物中心...,美食,面包甜点,7.7,7.7,7.7,长宁路1018号龙之梦购物中心B1楼
瑜舍连锁瑜伽(中山公园店),运动健身,瑜伽,0.0,0.0,0.0,长宁路988号花园